일자,종목명,종가,대비,등락률,시가,고가,저가,거래량,거래대금,가중평균
"2016-10-14",KAU16,"18,000",0,"0.00","0","0","0","0","0","0"
"2016-10-14",KAU17,"7,880",0,"0.00","0","0","0","0","0","0"
"2016-10-14",KCU16,"18,000",0,"0.00","0","0","0","0","0","0"
"2016-10-14",KOC,"18,000",0,"0.00","0","0","0","0","0","0"
"2016-10-13",KAU16,"18,000",0,"0.00","18,000","18,000","18,000","8,000","144,000,000","18,000"
"2016-10-13",KAU17,"7,880",0,"0.00","0","0","0","0","0","0"
"2016-10-13",KCU16,"18,000",0,"0.00","0","0","0","0","0","0"
"2016-10-13",KOC,"18,000",0,"0.00","18,000","18,000","18,000","30,000","540,000,000","18,000"
"2016-10-12",KAU16,"18,000",0,"0.00","0","0","0","0","0","0"
"2016-10-12",KAU17,"7,880",0,"0.00","0","0","0","0","0","0"
"2016-10-12",KCU16,"18,000",0,"0.00","0","0","0","0","0","0"
"2016-10-12",KOC,"18,000",0,"0.00","0","0","0","0","0","0"
"2016-10-11",KAU16,"18,000",0,"0.00","0","0","0","0","0","0"
"2016-10-11",KAU17,"7,880",0,"0.00","0","0","0","0","0","0"
"2016-10-11",KCU16,"18,000",0,"0.00","0","0","0","0","0","0"
"2016-10-11",KOC,"18,000",0,"0.00","0","0","0","0","0","0"
"2016-10-10",KAU16,"18,000",0,"0.00","0","0","0","0","0","0"
"2016-10-10",KAU17,"7,880",0,"0.00","0","0","0","0","0","0"
"2016-10-10",KCU16,"18,000",0,"0.00","0","0","0","0","0","0"
"2016-10-10",KOC,"18,000",0,"0.00","0","0","0","0","0","0"
"2016-10-07",KAU16,"18,000",0,"0.00","0","0","0","0","0","0"
"2016-10-07",KAU17,"7,880",0,"0.00","0","0","0","0","0","0"
"2016-10-07",KCU16,"18,000",0,"0.00","0","0","0","0","0","0"
"2016-10-07",KOC,"18,000",0,"0.00","18,000","18,000","18,000","50,000","900,000,000","18,000"
"2016-10-06",KAU16,"18,000",0,"0.00","0","0","0","0","0","0"
"2016-10-06",KAU17,"7,880",0,"0.00","0","0","0","0","0","0"
"2016-10-06",KCU16,"18,000",0,"0.00","0","0","0","0","0","0"
"2016-10-06",KOC,"18,000",0,"0.00","0","0","0","0","0","0"
"2016-10-05",KAU16,"18,000",0,"0.00","0","0","0","0","0","0"
"2016-10-05",KAU17,"7,880",0,"0.00","0","0","0","0","0","0"
"2016-10-05",KCU16,"18,000",0,"0.00","0","0","0","0","0","0"
"2016-10-05",KOC,"18,000",0,"0.00","0","0","0","0","0","0"
"2016-10-04",KAU16,"18,000",0,"0.00","0","0","0","0","0","0"
"2016-10-04",KAU17,"7,880",0,"0.00","0","0","0","0","0","0"
"2016-10-04",KCU16,"18,000",0,"0.00","0","0","0","0","0","0"
"2016-10-04",KOC,"18,000",0,"0.00","18,000","18,000","18,000","1,496","26,928,000","18,000"
"2016-09-30",KAU16,"18,000",500,"2.86","18,000","18,000","18,000","30,000","540,000,000","18,000"
"2016-09-30",KAU17,"7,880",0,"0.00","0","0","0","0","0","0"
"2016-09-30",KCU16,"18,000",500,"2.86","18,000","18,000","18,000","50,000","900,000,000","18,000"
"2016-09-30",KOC,"18,000",0,"0.00","18,000","18,000","18,000","80,000","1,440,000,000","18,000"
"2016-09-29",KAU16,"17,500",0,"0.00","0","0","0","0","0","0"
"2016-09-29",KAU17,"7,880",0,"0.00","0","0","0","0","0","0"
"2016-09-29",KCU16,"17,500",0,"0.00","0","0","0","0","0","0"
"2016-09-29",KOC,"18,000",0,"0.00","18,000","18,000","18,000","100,000","1,800,000,000","18,000"
"2016-09-28",KAU16,"17,500",0,"0.00","17,500","17,500","17,500","15,000","262,500,000","17,500"
"2016-09-28",KAU17,"7,880",0,"0.00","0","0","0","0","0","0"
"2016-09-28",KCU16,"17,500",0,"0.00","0","0","0","0","0","0"
"2016-09-28",KOC,"18,000",0,"0.00","0","0","0","0","0","0"
"2016-09-27",KAU16,"17,500",0,"0.00","0","0","0","0","0","0"
"2016-09-27",KAU17,"7,880",0,"0.00","0","0","0","0","0","0"
"2016-09-27",KCU16,"17,500",0,"0.00","0","0","0","0","0","0"
"2016-09-27",KOC,"18,000",0,"0.00","0","0","0","0","0","0"
"2016-09-26",KAU16,"17,500",0,"0.00","17,500","17,500","17,500","40,000","700,000,000","17,500"
"2016-09-26",KAU17,"7,880",0,"0.00","0","0","0","0","0","0"
"2016-09-26",KCU16,"17,500",0,"0.00","0","0","0","0","0","0"
"2016-09-26",KOC,"18,000",0,"0.00","0","0","0","0","0","0"
"2016-09-23",KAU16,"17,500",0,"0.00","17,500","17,500","17,500","20,000","350,000,000","17,500"
"2016-09-23",KAU17,"7,880",0,"0.00","0","0","0","0","0","0"
"2016-09-23",KCU16,"17,500",0,"0.00","0","0","0","0","0","0"
"2016-09-23",KOC,"18,000",0,"0.00","0","0","0","0","0","0"
"2016-09-22",KAU16,"17,500",0,"0.00","0","0","0","0","0","0"
"2016-09-22",KAU17,"7,880",0,"0.00","0","0","0","0","0","0"
"2016-09-22",KCU16,"17,500",0,"0.00","0","0","0","0","0","0"
"2016-09-22",KOC,"18,000",0,"0.00","0","0","0","0","0","0"
"2016-09-21",KAU16,"17,500",500,"2.94","17,500","17,500","17,500","25,000","437,500,000","17,500"
"2016-09-21",KAU17,"7,880",0,"0.00","0","0","0","0","0","0"
"2016-09-21",KCU16,"17,500",0,"0.00","0","0","0","0","0","0"
"2016-09-21",KOC,"18,000",0,"0.00","0","0","0","0","0","0"
"2016-09-20",KAU16,"17,000",0,"0.00","0","0","0","0","0","0"
"2016-09-20",KAU17,"7,880",0,"0.00","0","0","0","0","0","0"
"2016-09-20",KCU16,"17,500",0,"0.00","0","0","0","0","0","0"
"2016-09-20",KOC,"18,000",0,"0.00","0","0","0","0","0","0"
"2016-09-19",KAU16,"17,000",0,"0.00","0","0","0","0","0","0"
"2016-09-19",KAU17,"7,880",0,"0.00","0","0","0","0","0","0"
"2016-09-19",KCU16,"17,500",0,"0.00","0","0","0","0","0","0"
"2016-09-19",KOC,"18,000",0,"0.00","0","0","0","0","0","0"
"2016-09-13",KAU16,"17,000",0,"0.00","0","0","0","0","0","0"
"2016-09-13",KAU17,"7,880",0,"0.00","0","0","0","0","0","0"
"2016-09-13",KCU16,"17,500",0,"0.00","0","0","0","0","0","0"
"2016-09-13",KOC,"18,000",0,"0.00","0","0","0","0","0","0"
"2016-09-12",KAU16,"17,000",0,"0.00","0","0","0","0","0","0"
"2016-09-12",KAU17,"7,880",0,"0.00","0","0","0","0","0","0"
"2016-09-12",KCU16,"17,500",0,"0.00","17,500","17,500","17,500","50,000","875,000,000","17,500"
"2016-09-12",KOC,"18,000",0,"0.00","0","0","0","0","0","0"
"2016-09-09",KAU16,"17,000",0,"0.00","0","0","0","45,000","765,000,000","17,000"
"2016-09-09",KAU17,"7,880",0,"0.00","0","0","0","0","0","0"
"2016-09-09",KCU16,"17,500",0,"0.00","0","0","0","0","0","0"
"2016-09-09",KOC,"18,000",0,"0.00","0","0","0","0","0","0"
"2016-09-08",KAU16,"17,000",0,"0.00","0","0","0","45,000","765,000,000","17,000"
"2016-09-08",KAU17,"7,880",0,"0.00","0","0","0","0","0","0"
"2016-09-08",KCU16,"17,500",0,"0.00","0","0","0","0","0","0"
"2016-09-08",KOC,"18,000",0,"0.00","0","0","0","0","0","0"
"2016-09-07",KAU16,"17,000",0,"0.00","0","0","0","0","0","0"
"2016-09-07",KAU17,"7,880",0,"0.00","0","0","0","0","0","0"
"2016-09-07",KCU16,"17,500",0,"0.00","0","0","0","0","0","0"
"2016-09-07",KOC,"18,000",0,"0.00","0","0","0","0","0","0"
"2016-09-06",KAU16,"17,000",0,"0.00","0","0","0","0","0","0"
"2016-09-06",KAU17,"7,880",0,"0.00","0","0","0","0","0","0"
"2016-09-06",KCU16,"17,500",0,"0.00","0","0","0","0","0","0"
"2016-09-06",KOC,"18,000",1000,"5.88","18,000","18,000","18,000","20,000","360,000,000","18,000"
"2016-09-05",KAU16,"17,000",0,"0.00","0","0","0","0","0","0"
"2016-09-05",KAU17,"7,880",0,"0.00","0","0","0","0","0","0"
"2016-09-05",KCU16,"17,500",0,"0.00","0","0","0","0","0","0"
"2016-09-05",KOC,"17,000",0,"0.00","0","0","0","0","0","0"
"2016-09-02",KAU16,"17,000",0,"0.00","0","0","0","0","0","0"
"2016-09-02",KAU17,"7,880",0,"0.00","0","0","0","0","0","0"
"2016-09-02",KCU16,"17,500",-500,"-2.78","0","0","0","0","0","0"
"2016-09-02",KOC,"17,000",0,"0.00","0","0","0","0","0","0"
"2016-09-01",KAU16,"17,000",0,"0.00","0","0","0","0","0","0"
"2016-09-01",KAU17,"7,880",0,"0.00","0","0","0","0","0","0"
"2016-09-01",KCU16,"18,000",0,"0.00","0","0","0","0","0","0"
"2016-09-01",KOC,"17,000",0,"0.00","0","0","0","0","0","0"
"2016-08-31",KAU16,"17,000",0,"0.00","0","0","0","61,894","1,052,198,000","17,000"
"2016-08-31",KAU17,"7,880",0,"0.00","0","0","0","0","0","0"
"2016-08-31",KCU16,"18,000",0,"0.00","0","0","0","0","0","0"
"2016-08-31",KOC,"17,000",0,"0.00","0","0","0","0","0","0"
"2016-08-30",KAU16,"17,000",0,"0.00","17,000","17,000","17,000","99,660","1,694,220,000","17,000"
"2016-08-30",KAU17,"7,880",0,"0.00","0","0","0","0","0","0"
"2016-08-30",KCU16,"18,000",0,"0.00","0","0","0","0","0","0"
"2016-08-30",KOC,"17,000",0,"0.00","0","0","0","0","0","0"
"2016-08-29",KAU16,"17,000",0,"0.00","17,000","17,000","17,000","50,000","850,000,000","17,000"
"2016-08-29",KAU17,"7,880",0,"0.00","0","0","0","0","0","0"
"2016-08-29",KCU16,"18,000",0,"0.00","0","0","0","0","0","0"
"2016-08-29",KOC,"17,000",0,"0.00","0","0","0","0","0","0"
"2016-08-26",KAU16,"17,000",0,"0.00","17,000","17,000","17,000","30,000","510,000,000","17,000"
"2016-08-26",KAU17,"7,880",0,"0.00","0","0","0","0","0","0"
"2016-08-26",KCU16,"18,000",-500,"-2.70","0","0","0","0","0","0"
"2016-08-26",KOC,"17,000",500,"3.03","0","0","0","0","0","0"
"2016-08-25",KAU16,"17,000",0,"0.00","17,000","17,000","17,000","10,000","170,000,000","17,000"
"2016-08-25",KAU17,"7,880",0,"0.00","0","0","0","0","0","0"
"2016-08-25",KCU16,"18,500",0,"0.00","0","0","0","0","0","0"
"2016-08-25",KOC,"16,500",1500,"10.00","0","0","0","0","0","0"
"2016-08-24",KAU16,"17,000",0,"0.00","0","0","0","120,000","2,040,000,000","17,000"
"2016-08-24",KAU17,"7,880",0,"0.00","0","0","0","0","0","0"
"2016-08-24",KCU16,"18,500",0,"0.00","0","0","0","0","0","0"
"2016-08-24",KOC,"15,000",-1650,"-9.91","0","0","0","0","0","0"
"2016-08-23",KAU16,"17,000",0,"0.00","17,000","17,000","17,000","30,000","510,000,000","17,000"
"2016-08-23",KAU17,"7,880",0,"0.00","0","0","0","0","0","0"
"2016-08-23",KCU16,"18,500",0,"0.00","0","0","0","0","0","0"
"2016-08-23",KOC,"16,650",0,"0.00","0","0","0","0","0","0"
"2016-08-22",KAU16,"17,000",500,"3.03","17,000","17,000","17,000","10,000","170,000,000","17,000"
"2016-08-22",KAU17,"7,880",0,"0.00","0","0","0","0","0","0"
"2016-08-22",KCU16,"18,500",0,"0.00","0","0","0","0","0","0"
"2016-08-22",KOC,"16,650",-1850,"-10.00","0","0","0","0","0","0"
"2016-08-19",KAU16,"16,500",0,"0.00","0","0","0","0","0","0"
"2016-08-19",KAU17,"7,880",0,"0.00","0","0","0","0","0","0"
"2016-08-19",KCU16,"18,500",0,"0.00","0","0","0","0","0","0"
"2016-08-19",KOC,"18,500",0,"0.00","0","0","0","0","0","0"
"2016-08-18",KAU16,"16,500",0,"0.00","0","0","0","0","0","0"
"2016-08-18",KAU17,"7,880",0,"0.00","0","0","0","0","0","0"
"2016-08-18",KCU16,"18,500",0,"0.00","0","0","0","0","0","0"
"2016-08-18",KOC,"18,500",0,"0.00","0","0","0","0","0","0"
"2016-08-17",KAU16,"16,500",0,"0.00","0","0","0","0","0","0"
"2016-08-17",KAU17,"7,880",0,"0.00","0","0","0","0","0","0"
"2016-08-17",KCU16,"18,500",0,"0.00","0","0","0","0","0","0"
"2016-08-17",KOC,"18,500",0,"0.00","0","0","0","0","0","0"
"2016-08-16",KAU16,"16,500",0,"0.00","0","0","0","0","0","0"
"2016-08-16",KAU17,"7,880",0,"0.00","0","0","0","0","0","0"
"2016-08-16",KCU16,"18,500",0,"0.00","0","0","0","0","0","0"
"2016-08-16",KOC,"18,500",0,"0.00","0","0","0","0","0","0"
"2016-08-12",KAU16,"16,500",0,"0.00","0","0","0","0","0","0"
"2016-08-12",KAU17,"7,880",0,"0.00","0","0","0","0","0","0"
"2016-08-12",KCU16,"18,500",0,"0.00","0","0","0","0","0","0"
"2016-08-12",KOC,"18,500",0,"0.00","0","0","0","0","0","0"
"2016-08-11",KAU16,"16,500",-500,"-2.94","16,700","16,700","16,500","15,000","248,500,000","16,567"
"2016-08-11",KAU17,"7,880",0,"0.00","0","0","0","0","0","0"
"2016-08-11",KCU16,"18,500",0,"0.00","0","0","0","0","0","0"
"2016-08-11",KOC,"18,500",0,"0.00","0","0","0","0","0","0"
"2016-08-10",KAU16,"17,000",0,"0.00","0","0","0","0","0","0"
"2016-08-10",KAU17,"7,880",0,"0.00","0","0","0","0","0","0"
"2016-08-10",KCU16,"18,500",0,"0.00","0","0","0","0","0","0"
"2016-08-10",KOC,"18,500",0,"0.00","0","0","0","0","0","0"
"2016-08-09",KAU16,"17,000",0,"0.00","0","0","0","0","0","0"
"2016-08-09",KAU17,"7,880",0,"0.00","0","0","0","0","0","0"
"2016-08-09",KCU16,"18,500",0,"0.00","0","0","0","0","0","0"
"2016-08-09",KOC,"18,500",0,"0.00","0","0","0","0","0","0"
"2016-08-08",KAU16,"17,000",0,"0.00","17,000","17,000","17,000","670","11,390,000","17,000"
"2016-08-08",KAU17,"7,880",0,"0.00","0","0","0","0","0","0"
"2016-08-08",KCU16,"18,500",0,"0.00","0","0","0","0","0","0"
"2016-08-08",KOC,"18,500",0,"0.00","0","0","0","0","0","0"
"2016-08-05",KAU16,"17,000",0,"0.00","0","0","0","0","0","0"
"2016-08-05",KAU17,"7,880",0,"0.00","0","0","0","0","0","0"
"2016-08-05",KCU16,"18,500",0,"0.00","0","0","0","0","0","0"
"2016-08-05",KOC,"18,500",0,"0.00","0","0","0","0","0","0"
"2016-08-04",KAU16,"17,000",0,"0.00","17,000","17,000","17,000","15,000","255,000,000","17,000"
"2016-08-04",KAU17,"7,880",0,"0.00","0","0","0","0","0","0"
"2016-08-04",KCU16,"18,500",0,"0.00","0","0","0","0","0","0"
"2016-08-04",KOC,"18,500",0,"0.00","0","0","0","0","0","0"
"2016-08-03",KAU16,"17,000",0,"0.00","0","0","0","0","0","0"
"2016-08-03",KAU17,"7,880",0,"0.00","0","0","0","0","0","0"
"2016-08-03",KCU16,"18,500",0,"0.00","0","0","0","0","0","0"
"2016-08-03",KOC,"18,500",0,"0.00","0","0","0","0","0","0"
"2016-08-02",KAU16,"17,000",0,"0.00","0","0","0","0","0","0"
"2016-08-02",KAU17,"7,880",0,"0.00","0","0","0","0","0","0"
"2016-08-02",KCU16,"18,500",0,"0.00","0","0","0","0","0","0"
"2016-08-02",KOC,"18,500",0,"0.00","0","0","0","0","0","0"
"2016-08-01",KAU16,"17,000",0,"0.00","0","0","0","0","0","0"
"2016-08-01",KAU17,"7,880",0,"0.00","0","0","0","0","0","0"
"2016-08-01",KCU16,"18,500",0,"0.00","0","0","0","0","0","0"
"2016-08-01",KOC,"18,500",0,"0.00","0","0","0","0","0","0"
"2016-07-29",KAU16,"17,000",0,"0.00","0","0","0","0","0","0"
"2016-07-29",KAU17,"7,880",0,"0.00","0","0","0","0","0","0"
"2016-07-29",KCU16,"18,500",0,"0.00","0","0","0","0","0","0"
"2016-07-29",KOC,"18,500",0,"0.00","0","0","0","0","0","0"
"2016-07-28",KAU16,"17,000",0,"0.00","0","0","0","0","0","0"
"2016-07-28",KAU17,"7,880",0,"0.00","0","0","0","0","0","0"
"2016-07-28",KCU16,"18,500",0,"0.00","0","0","0","0","0","0"
"2016-07-28",KOC,"18,500",0,"0.00","0","0","0","0","0","0"
"2016-07-27",KAU16,"17,000",0,"0.00","0","0","0","0","0","0"
"2016-07-27",KAU17,"7,880",0,"0.00","0","0","0","0","0","0"
"2016-07-27",KCU16,"18,500",0,"0.00","0","0","0","0","0","0"
"2016-07-27",KOC,"18,500",0,"0.00","0","0","0","0","0","0"
"2016-07-26",KAU16,"17,000",0,"0.00","0","0","0","0","0","0"
"2016-07-26",KAU17,"7,880",0,"0.00","0","0","0","0","0","0"
"2016-07-26",KCU16,"18,500",0,"0.00","0","0","0","0","0","0"
"2016-07-26",KOC,"18,500",0,"0.00","0","0","0","0","0","0"
"2016-07-25",KAU16,"17,000",0,"0.00","0","0","0","0","0","0"
"2016-07-25",KAU17,"7,880",0,"0.00","0","0","0","0","0","0"
"2016-07-25",KCU16,"18,500",0,"0.00","0","0","0","0","0","0"
"2016-07-25",KOC,"18,500",0,"0.00","0","0","0","0","0","0"
"2016-07-22",KAU16,"17,000",0,"0.00","17,000","17,000","17,000","50,000","850,000,000","17,000"
"2016-07-22",KAU17,"7,880",0,"0.00","0","0","0","0","0","0"
"2016-07-22",KCU16,"18,500",0,"0.00","0","0","0","0","0","0"
"2016-07-22",KOC,"18,500",0,"0.00","0","0","0","0","0","0"
"2016-07-21",KAU16,"17,000",0,"0.00","0","0","0","0","0","0"
"2016-07-21",KAU17,"7,880",0,"0.00","0","0","0","0","0","0"
"2016-07-21",KCU16,"18,500",0,"0.00","0","0","0","0","0","0"
"2016-07-21",KOC,"18,500",0,"0.00","0","0","0","0","0","0"
"2016-07-20",KAU16,"17,000",0,"0.00","0","0","0","0","0","0"
"2016-07-20",KAU17,"7,880",0,"0.00","0","0","0","0","0","0"
"2016-07-20",KCU16,"18,500",0,"0.00","0","0","0","0","0","0"
"2016-07-20",KOC,"18,500",0,"0.00","0","0","0","0","0","0"
"2016-07-19",KAU16,"17,000",0,"0.00","0","0","0","0","0","0"
"2016-07-19",KAU17,"7,880",0,"0.00","0","0","0","0","0","0"
"2016-07-19",KCU16,"18,500",0,"0.00","0","0","0","0","0","0"
"2016-07-19",KOC,"18,500",0,"0.00","0","0","0","0","0","0"
"2016-07-18",KAU16,"17,000",0,"0.00","0","0","0","0","0","0"
"2016-07-18",KAU17,"7,880",0,"0.00","0","0","0","0","0","0"
"2016-07-18",KCU16,"18,500",0,"0.00","0","0","0","0","0","0"
"2016-07-18",KOC,"18,500",0,"0.00","0","0","0","0","0","0"
"2016-07-15",KAU16,"17,000",0,"0.00","0","0","0","0","0","0"
"2016-07-15",KAU17,"7,880",0,"0.00","0","0","0","0","0","0"
"2016-07-15",KCU16,"18,500",0,"0.00","0","0","0","0","0","0"
"2016-07-15",KOC,"18,500",0,"0.00","0","0","0","0","0","0"
"2016-07-14",KAU16,"17,000",0,"0.00","0","0","0","0","0","0"
"2016-07-14",KAU17,"7,880",0,"0.00","0","0","0","0","0","0"
"2016-07-14",KCU16,"18,500",0,"0.00","0","0","0","0","0","0"
"2016-07-14",KOC,"18,500",0,"0.00","0","0","0","0","0","0"
"2016-07-13",KAU16,"17,000",0,"0.00","0","0","0","0","0","0"
"2016-07-13",KAU17,"7,880",0,"0.00","0","0","0","0","0","0"
"2016-07-13",KCU16,"18,500",0,"0.00","0","0","0","0","0","0"
"2016-07-13",KOC,"18,500",0,"0.00","0","0","0","0","0","0"
"2016-07-12",KAU16,"17,000",0,"0.00","0","0","0","0","0","0"
"2016-07-12",KAU17,"7,880",0,"0.00","0","0","0","0","0","0"
"2016-07-12",KCU16,"18,500",0,"0.00","0","0","0","0","0","0"
"2016-07-12",KOC,"18,500",0,"0.00","0","0","0","0","0","0"
"2016-07-11",KAU16,"17,000",0,"0.00","0","0","0","0","0","0"
"2016-07-11",KAU17,"7,880",0,"0.00","0","0","0","0","0","0"
"2016-07-11",KCU16,"18,500",0,"0.00","0","0","0","0","0","0"
"2016-07-11",KOC,"18,500",0,"0.00","0","0","0","0","0","0"
"2016-07-08",KAU16,"17,000",0,"0.00","0","0","0","66,000","1,072,500,000","16,250"
"2016-07-08",KAU17,"7,880",0,"0.00","0","0","0","0","0","0"
"2016-07-08",KCU16,"18,500",0,"0.00","0","0","0","0","0","0"
"2016-07-08",KOC,"18,500",0,"0.00","0","0","0","0","0","0"
"2016-07-07",KAU16,"17,000",0,"0.00","0","0","0","0","0","0"
"2016-07-07",KAU17,"7,880",0,"0.00","0","0","0","0","0","0"
"2016-07-07",KCU16,"18,500",0,"0.00","0","0","0","0","0","0"
"2016-07-07",KOC,"18,500",0,"0.00","0","0","0","0","0","0"
"2016-07-06",KAU16,"17,000",0,"0.00","0","0","0","0","0","0"
"2016-07-06",KAU17,"7,880",0,"0.00","0","0","0","0","0","0"
"2016-07-06",KCU16,"18,500",0,"0.00","0","0","0","0","0","0"
"2016-07-06",KOC,"18,500",0,"0.00","0","0","0","0","0","0"
"2016-07-05",KAU16,"17,000",0,"0.00","0","0","0","0","0","0"
"2016-07-05",KAU17,"7,880",0,"0.00","0","0","0","0","0","0"
"2016-07-05",KCU16,"18,500",0,"0.00","0","0","0","0","0","0"
"2016-07-05",KOC,"18,500",0,"0.00","0","0","0","0","0","0"
"2016-07-04",KAU16,"17,000",0,"0.00","0","0","0","80,000","1,264,000,000","15,800"
"2016-07-04",KAU17,"7,880",0,"0.00","0","0","0","0","0","0"
"2016-07-04",KCU16,"18,500",0,"0.00","0","0","0","0","0","0"
"2016-07-04",KOC,"18,500",0,"0.00","0","0","0","0","0","0"
"2016-07-01",KAU16,"17,000",0,"0.00","0","0","0","0","0","0"
"2016-07-01",KAU17,"7,880",0,"0.00","0","0","0","0","0","0"
"2016-07-01",KCU16,"18,500",0,"0.00","0","0","0","0","0","0"
"2016-07-01",KOC,"18,500",0,"0.00","0","0","0","0","0","0"
"2016-06-30",KAU15,"17,000",0,"0.00","0","0","0","0","0","0"
"2016-06-30",KAU16,"16,600",0,"0.00","0","0","0","0","0","0"
"2016-06-30",KAU17,"7,880",0,"0.00","0","0","0","0","0","0"
"2016-06-30",KCU15,"18,500",0,"0.00","0","0","0","0","0","0"
"2016-06-30",KCU16,"18,500",0,"0.00","0","0","0","0","0","0"
"2016-06-30",KOC,"18,500",0,"0.00","0","0","0","0","0","0"
"2016-06-29",KAU15,"17,000",0,"0.00","0","0","0","0","0","0"
"2016-06-29",KAU16,"16,600",0,"0.00","0","0","0","0","0","0"
"2016-06-29",KAU17,"7,880",0,"0.00","0","0","0","0","0","0"
"2016-06-29",KCU15,"18,500",0,"0.00","0","0","0","0","0","0"
"2016-06-29",KCU16,"18,500",0,"0.00","0","0","0","0","0","0"
"2016-06-29",KOC,"18,500",0,"0.00","0","0","0","0","0","0"
"2016-06-28",KAU15,"17,000",0,"0.00","0","0","0","0","0","0"
"2016-06-28",KAU16,"16,600",0,"0.00","0","0","0","0","0","0"
"2016-06-28",KAU17,"7,880",0,"0.00","0","0","0","0","0","0"
"2016-06-28",KCU15,"18,500",0,"0.00","0","0","0","0","0","0"
"2016-06-28",KCU16,"18,500",0,"0.00","0","0","0","0","0","0"
"2016-06-28",KOC,"18,500",0,"0.00","0","0","0","0","0","0"
"2016-06-27",KAU15,"17,000",0,"0.00","0","0","0","0","0","0"
"2016-06-27",KAU16,"16,600",0,"0.00","0","0","0","0","0","0"
"2016-06-27",KAU17,"7,880",0,"0.00","0","0","0","0","0","0"
"2016-06-27",KCU15,"18,500",0,"0.00","0","0","0","0","0","0"
"2016-06-27",KCU16,"18,500",0,"0.00","0","0","0","0","0","0"
"2016-06-27",KOC,"18,500",0,"0.00","0","0","0","0","0","0"
"2016-06-24",KAU15,"17,000",0,"0.00","0","0","0","0","0","0"
"2016-06-24",KAU16,"16,600",0,"0.00","0","0","0","0","0","0"
"2016-06-24",KAU17,"7,880",0,"0.00","0","0","0","0","0","0"
"2016-06-24",KCU15,"18,500",0,"0.00","0","0","0","0","0","0"
"2016-06-24",KCU16,"18,500",0,"0.00","0","0","0","0","0","0"
"2016-06-24",KOC,"18,500",0,"0.00","0","0","0","0","0","0"
"2016-06-23",KAU15,"17,000",200,"1.19","17,000","17,000","17,000","11,072","188,224,000","17,000"
"2016-06-23",KAU16,"16,600",0,"0.00","0","0","0","0","0","0"
"2016-06-23",KAU17,"7,880",0,"0.00","0","0","0","0","0","0"
"2016-06-23",KCU15,"18,500",0,"0.00","0","0","0","0","0","0"
"2016-06-23",KCU16,"18,500",0,"0.00","0","0","0","0","0","0"
"2016-06-23",KOC,"18,500",0,"0.00","0","0","0","0","0","0"
"2016-06-22",KAU15,"16,800",-200,"-1.18","0","0","0","0","0","0"
"2016-06-22",KAU16,"16,600",0,"0.00","0","0","0","0","0","0"
"2016-06-22",KAU17,"7,880",0,"0.00","0","0","0","0","0","0"
"2016-06-22",KCU15,"18,500",0,"0.00","0","0","0","0","0","0"
"2016-06-22",KCU16,"18,500",0,"0.00","0","0","0","0","0","0"
"2016-06-22",KOC,"18,500",0,"0.00","0","0","0","0","0","0"
"2016-06-21",KAU15,"17,000",0,"0.00","0","0","0","4,650","79,050,000","17,000"
"2016-06-21",KAU16,"16,600",0,"0.00","0","0","0","0","0","0"
"2016-06-21",KAU17,"7,880",0,"0.00","0","0","0","0","0","0"
"2016-06-21",KCU15,"18,500",0,"0.00","0","0","0","0","0","0"
"2016-06-21",KCU16,"18,500",0,"0.00","0","0","0","0","0","0"
"2016-06-21",KOC,"18,500",0,"0.00","0","0","0","0","0","0"
"2016-06-20",KAU15,"17,000",-50,"-0.29","18,000","18,000","17,000","7,976","138,568,000","17,373"
"2016-06-20",KAU16,"16,600",0,"0.00","0","0","0","0","0","0"
"2016-06-20",KAU17,"7,880",0,"0.00","0","0","0","0","0","0"
"2016-06-20",KCU15,"18,500",0,"0.00","0","0","0","0","0","0"
"2016-06-20",KCU16,"18,500",0,"0.00","0","0","0","0","0","0"
"2016-06-20",KOC,"18,500",0,"0.00","0","0","0","0","0","0"
"2016-06-17",KAU15,"17,050",50,"0.29","0","0","0","0","0","0"
"2016-06-17",KAU16,"16,600",0,"0.00","0","0","0","0","0","0"
"2016-06-17",KAU17,"7,880",0,"0.00","0","0","0","0","0","0"
"2016-06-17",KCU15,"18,500",0,"0.00","0","0","0","0","0","0"
"2016-06-17",KCU16,"18,500",0,"0.00","0","0","0","0","0","0"
"2016-06-17",KOC,"18,500",0,"0.00","0","0","0","0","0","0"
"2016-06-16",KAU15,"17,000",0,"0.00","17,000","17,000","17,000","5,367","91,239,000","17,000"
"2016-06-16",KAU16,"16,600",0,"0.00","0","0","0","0","0","0"
"2016-06-16",KAU17,"7,880",0,"0.00","0","0","0","0","0","0"
"2016-06-16",KCU15,"18,500",0,"0.00","0","0","0","0","0","0"
"2016-06-16",KCU16,"18,500",0,"0.00","0","0","0","0","0","0"
"2016-06-16",KOC,"18,500",0,"0.00","0","0","0","0","0","0"
"2016-06-15",KAU15,"17,000",0,"0.00","0","0","0","0","0","0"
"2016-06-15",KAU16,"16,600",0,"0.00","0","0","0","0","0","0"
"2016-06-15",KAU17,"7,880",0,"0.00","0","0","0","0","0","0"
"2016-06-15",KCU15,"18,500",0,"0.00","0","0","0","0","0","0"
"2016-06-15",KCU16,"18,500",0,"0.00","0","0","0","0","0","0"
"2016-06-15",KOC,"18,500",0,"0.00","0","0","0","0","0","0"
"2016-06-14",KAU15,"17,000",400,"2.41","0","0","0","0","0","0"
"2016-06-14",KAU16,"16,600",0,"0.00","0","0","0","0","0","0"
"2016-06-14",KAU17,"7,880",0,"0.00","0","0","0","0","0","0"
"2016-06-14",KCU15,"18,500",0,"0.00","0","0","0","0","0","0"
"2016-06-14",KCU16,"18,500",0,"0.00","0","0","0","0","0","0"
"2016-06-14",KOC,"18,500",0,"0.00","0","0","0","0","0","0"
"2016-06-13",KAU15,"16,600",0,"0.00","16,600","16,600","16,600","6,193","102,803,800","16,600"
"2016-06-13",KAU16,"16,600",0,"0.00","0","0","0","0","0","0"
"2016-06-13",KAU17,"7,880",0,"0.00","0","0","0","0","0","0"
"2016-06-13",KCU15,"18,500",0,"0.00","0","0","0","0","0","0"
"2016-06-13",KCU16,"18,500",0,"0.00","0","0","0","0","0","0"
"2016-06-13",KOC,"18,500",0,"0.00","0","0","0","0","0","0"
"2016-06-10",KAU15,"16,600",-100,"-0.60","16,700","16,800","16,600","131,000","2,187,242,700","16,697"
"2016-06-10",KAU16,"8,000",0,"0.00","0","0","0","0","0","0"
"2016-06-10",KAU17,"7,880",0,"0.00","0","0","0","0","0","0"
"2016-06-10",KCU15,"18,500",0,"0.00","0","0","0","0","0","0"
"2016-06-10",KCU16,"13,700",0,"0.00","0","0","0","0","0","0"
"2016-06-10",KOC,"18,500",0,"0.00","0","0","0","0","0","0"
"2016-06-09",KAU15,"16,700",-900,"-5.11","17,400","17,400","16,700","258,741","4,454,727,600","17,217"
"2016-06-09",KAU16,"8,000",0,"0.00","0","0","0","0","0","0"
"2016-06-09",KAU17,"7,880",0,"0.00","0","0","0","0","0","0"
"2016-06-09",KCU15,"18,500",0,"0.00","0","0","0","0","0","0"
"2016-06-09",KCU16,"13,700",0,"0.00","0","0","0","0","0","0"
"2016-06-09",KOC,"18,500",0,"0.00","0","0","0","0","0","0"
"2016-06-08",KAU15,"17,600",-300,"-1.68","17,900","17,900","17,500","81,586","1,449,318,500","17,764"
"2016-06-08",KAU16,"8,000",120,"1.52","0","0","0","0","0","0"
"2016-06-08",KAU17,"7,880",0,"0.00","0","0","0","0","0","0"
"2016-06-08",KCU15,"18,500",0,"0.00","0","0","0","0","0","0"
"2016-06-08",KCU16,"13,700",0,"0.00","0","0","0","0","0","0"
"2016-06-08",KOC,"18,500",0,"0.00","0","0","0","0","0","0"
"2016-06-07",KAU15,"17,900",-500,"-2.72","18,400","18,400","17,900","318,663","5,742,199,200","18,020"
"2016-06-07",KAU16,"7,880",0,"0.00","0","0","0","0","0","0"
"2016-06-07",KAU17,"7,880",0,"0.00","0","0","0","0","0","0"
"2016-06-07",KCU15,"18,500",0,"0.00","0","0","0","0","0","0"
"2016-06-07",KCU16,"13,700",0,"0.00","0","0","0","0","0","0"
"2016-06-07",KOC,"18,500",0,"0.00","0","0","0","0","0","0"
"2016-06-03",KAU15,"18,400",0,"0.00","18,250","18,700","18,200","65,221","1,138,772,700","17,460"
"2016-06-03",KAU16,"7,880",0,"0.00","0","0","0","0","0","0"
"2016-06-03",KAU17,"7,880",0,"0.00","0","0","0","0","0","0"
"2016-06-03",KCU15,"18,500",100,"0.54","18,450","18,500","18,450","435,906","8,028,161,000","18,417"
"2016-06-03",KCU16,"13,700",0,"0.00","0","0","0","0","0","0"
"2016-06-03",KOC,"18,500",0,"0.00","0","0","0","0","0","0"
"2016-06-02",KAU15,"18,400",-100,"-0.54","18,800","18,800","18,400","121,382","1,995,253,800","16,438"
"2016-06-02",KAU16,"7,880",0,"0.00","0","0","0","0","0","0"
"2016-06-02",KAU17,"7,880",0,"0.00","0","0","0","0","0","0"
"2016-06-02",KCU15,"18,400",0,"0.00","18,400","18,400","18,400","26,000","478,400,000","18,400"
"2016-06-02",KCU16,"13,700",0,"0.00","0","0","0","0","0","0"
"2016-06-02",KOC,"18,500",0,"0.00","0","0","0","0","0","0"
"2016-06-01",KAU15,"18,500",0,"0.00","0","0","0","137,155","2,221,911,000","16,200"
"2016-06-01",KAU16,"7,880",0,"0.00","0","0","0","0","0","0"
"2016-06-01",KAU17,"7,880",0,"0.00","0","0","0","0","0","0"
"2016-06-01",KCU15,"18,400",-50,"-0.27","18,400","18,400","18,400","15,000","276,000,000","18,400"
"2016-06-01",KCU16,"13,700",0,"0.00","0","0","0","0","0","0"
"2016-06-01",KOC,"18,500",0,"0.00","0","0","0","0","0","0"
"2016-05-31",KAU15,"18,500",0,"0.00","0","0","0","0","0","0"
"2016-05-31",KAU16,"7,880",0,"0.00","0","0","0","0","0","0"
"2016-05-31",KAU17,"7,880",0,"0.00","0","0","0","0","0","0"
"2016-05-31",KCU15,"18,450",-50,"-0.27","18,450","18,450","18,450","15,000","276,750,000","18,450"
"2016-05-31",KCU16,"13,700",0,"0.00","0","0","0","0","0","0"
"2016-05-31",KOC,"18,500",0,"0.00","0","0","0","0","0","0"
"2016-05-30",KAU15,"18,500",-450,"-2.37","19,000","19,000","18,500","15,000","282,500,000","18,833"
"2016-05-30",KAU16,"7,880",0,"0.00","0","0","0","0","0","0"
"2016-05-30",KAU17,"7,880",0,"0.00","0","0","0","0","0","0"
"2016-05-30",KCU15,"18,500",-1700,"-8.42","18,500","18,500","18,500","10,000","185,000,000","18,500"
"2016-05-30",KCU16,"13,700",0,"0.00","0","0","0","0","0","0"
"2016-05-30",KOC,"18,500",0,"0.00","0","0","0","0","0","0"
"2016-05-27",KAU15,"18,950",-2050,"-9.76","19,500","19,500","18,950","15,838","300,747,000","18,989"
"2016-05-27",KAU16,"7,880",0,"0.00","0","0","0","0","0","0"
"2016-05-27",KAU17,"7,880",0,"0.00","0","0","0","0","0","0"
"2016-05-27",KCU15,"20,200",-100,"-0.49","0","0","0","0","0","0"
"2016-05-27",KCU16,"13,700",0,"0.00","0","0","0","0","0","0"
"2016-05-27",KOC,"18,500",0,"0.00","0","0","0","0","0","0"
"2016-05-26",KAU15,"21,000",0,"0.00","0","0","0","0","0","0"
"2016-05-26",KAU16,"7,880",0,"0.00","0","0","0","0","0","0"
"2016-05-26",KAU17,"7,880",0,"0.00","0","0","0","0","0","0"
"2016-05-26",KCU15,"20,300",0,"0.00","20,300","20,300","20,300","3,000","60,900,000","20,300"
"2016-05-26",KCU16,"13,700",0,"0.00","0","0","0","0","0","0"
"2016-05-26",KOC,"18,500",0,"0.00","0","0","0","0","0","0"
"2016-05-25",KAU15,"21,000",0,"0.00","0","0","0","0","0","0"
"2016-05-25",KAU16,"7,880",0,"0.00","0","0","0","0","0","0"
"2016-05-25",KAU17,"7,880",0,"0.00","0","0","0","0","0","0"
"2016-05-25",KCU15,"20,300",0,"0.00","0","0","0","0","0","0"
"2016-05-25",KCU16,"13,700",0,"0.00","0","0","0","0","0","0"
"2016-05-25",KOC,"18,500",0,"0.00","0","0","0","0","0","0"
"2016-05-24",KAU15,"21,000",0,"0.00","0","0","0","0","0","0"
"2016-05-24",KAU16,"7,880",0,"0.00","0","0","0","0","0","0"
"2016-05-24",KAU17,"7,880",0,"0.00","0","0","0","0","0","0"
"2016-05-24",KCU15,"20,300",0,"0.00","0","0","0","0","0","0"
"2016-05-24",KCU16,"13,700",0,"0.00","0","0","0","0","0","0"
"2016-05-24",KOC,"18,500",0,"0.00","0","0","0","0","0","0"
"2016-05-23",KAU15,"21,000",0,"0.00","21,000","21,000","21,000","5,000","105,000,000","21,000"
"2016-05-23",KAU16,"7,880",0,"0.00","0","0","0","0","0","0"
"2016-05-23",KAU17,"7,880",0,"0.00","0","0","0","0","0","0"
"2016-05-23",KCU15,"20,300",1800,"9.73","20,300","20,300","20,300","2,000","40,600,000","20,300"
"2016-05-23",KCU16,"13,700",0,"0.00","0","0","0","0","0","0"
"2016-05-23",KOC,"18,500",0,"0.00","18,500","18,500","18,500","2,413","44,640,500","18,500"
"2016-05-20",KAU15,"21,000",0,"0.00","21,000","21,000","21,000","600","12,600,000","21,000"
"2016-05-20",KAU16,"7,880",0,"0.00","0","0","0","0","0","0"
"2016-05-20",KAU17,"7,880",0,"0.00","0","0","0","0","0","0"
"2016-05-20",KCU15,"18,500",0,"0.00","0","0","0","250,000","4,625,000,000","18,500"
"2016-05-20",KCU16,"13,700",0,"0.00","0","0","0","0","0","0"
"2016-05-19",KAU15,"21,000",1600,"8.25","21,000","21,000","21,000","2,000","42,000,000","21,000"
"2016-05-19",KAU16,"7,880",0,"0.00","0","0","0","0","0","0"
"2016-05-19",KAU17,"7,880",0,"0.00","0","0","0","0","0","0"
"2016-05-19",KCU15,"18,500",0,"0.00","0","0","0","0","0","0"
"2016-05-19",KCU16,"13,700",0,"0.00","0","0","0","0","0","0"
"2016-05-18",KAU15,"19,400",100,"0.52","0","0","0","0","0","0"
"2016-05-18",KAU16,"7,880",0,"0.00","0","0","0","0","0","0"
"2016-05-18",KAU17,"7,880",0,"0.00","0","0","0","0","0","0"
"2016-05-18",KCU15,"18,500",0,"0.00","18,500","18,500","18,500","10,000","185,000,000","18,500"
"2016-05-18",KCU16,"13,700",0,"0.00","0","0","0","0","0","0"
"2016-05-17",KAU15,"19,300",0,"0.00","0","0","0","0","0","0"
"2016-05-17",KAU16,"7,880",0,"0.00","0","0","0","0","0","0"
"2016-05-17",KAU17,"7,880",0,"0.00","0","0","0","0","0","0"
"2016-05-17",KCU15,"18,500",0,"0.00","18,500","18,500","18,500","10,000","185,000,000","18,500"
"2016-05-17",KCU16,"13,700",0,"0.00","0","0","0","0","0","0"
"2016-05-16",KAU15,"19,300",0,"0.00","0","0","0","0","0","0"
"2016-05-16",KAU16,"7,880",0,"0.00","0","0","0","0","0","0"
"2016-05-16",KAU17,"7,880",0,"0.00","0","0","0","0","0","0"
"2016-05-16",KCU15,"18,500",0,"0.00","18,500","18,500","18,500","10,000","185,000,000","18,500"
"2016-05-16",KCU16,"13,700",0,"0.00","0","0","0","0","0","0"
"2016-05-13",KAU15,"19,300",0,"0.00","0","0","0","0","0","0"
"2016-05-13",KAU16,"7,880",0,"0.00","0","0","0","0","0","0"
"2016-05-13",KAU17,"7,880",0,"0.00","0","0","0","0","0","0"
"2016-05-13",KCU15,"18,500",0,"0.00","18,500","18,500","18,500","10,000","185,000,000","18,500"
"2016-05-13",KCU16,"13,700",0,"0.00","0","0","0","0","0","0"
"2016-05-12",KAU15,"19,300",0,"0.00","0","0","0","0","0","0"
"2016-05-12",KAU16,"7,880",0,"0.00","0","0","0","0","0","0"
"2016-05-12",KAU17,"7,880",0,"0.00","0","0","0","0","0","0"
"2016-05-12",KCU15,"18,500",0,"0.00","18,500","18,500","18,500","10,000","185,000,000","18,500"
"2016-05-12",KCU16,"13,700",0,"0.00","0","0","0","0","0","0"
"2016-05-11",KAU15,"19,300",100,"0.52","0","0","0","0","0","0"
"2016-05-11",KAU16,"7,880",0,"0.00","0","0","0","0","0","0"
"2016-05-11",KAU17,"7,880",0,"0.00","0","0","0","0","0","0"
"2016-05-11",KCU15,"18,500",0,"0.00","0","0","0","0","0","0"
"2016-05-11",KCU16,"13,700",0,"0.00","0","0","0","0","0","0"
"2016-05-10",KAU15,"19,200",0,"0.00","0","0","0","0","0","0"
"2016-05-10",KAU16,"7,880",0,"0.00","0","0","0","0","0","0"
"2016-05-10",KAU17,"7,880",0,"0.00","0","0","0","0","0","0"
"2016-05-10",KCU15,"18,500",0,"0.00","0","0","0","1,400","25,900,000","18,500"
"2016-05-10",KCU16,"13,700",0,"0.00","0","0","0","0","0","0"
"2016-05-09",KAU15,"19,200",0,"0.00","0","0","0","0","0","0"
"2016-05-09",KAU16,"7,880",0,"0.00","0","0","0","0","0","0"
"2016-05-09",KAU17,"7,880",0,"0.00","0","0","0","0","0","0"
"2016-05-09",KCU15,"18,500",0,"0.00","0","0","0","250,000","4,625,000,000","18,500"
"2016-05-09",KCU16,"13,700",0,"0.00","0","0","0","0","0","0"
"2016-05-04",KAU15,"19,200",0,"0.00","0","0","0","0","0","0"
"2016-05-04",KAU16,"7,880",0,"0.00","0","0","0","0","0","0"
"2016-05-04",KAU17,"7,880",0,"0.00","0","0","0","0","0","0"
"2016-05-04",KCU15,"18,500",0,"0.00","0","0","0","0","0","0"
"2016-05-04",KCU16,"13,700",0,"0.00","0","0","0","0","0","0"
"2016-05-03",KAU15,"19,200",100,"0.52","0","0","0","0","0","0"
"2016-05-03",KAU16,"7,880",0,"0.00","0","0","0","0","0","0"
"2016-05-03",KAU17,"7,880",0,"0.00","0","0","0","0","0","0"
"2016-05-03",KCU15,"18,500",0,"0.00","0","0","0","0","0","0"
"2016-05-03",KCU16,"13,700",0,"0.00","0","0","0","0","0","0"
"2016-05-02",KAU15,"19,100",100,"0.53","0","0","0","0","0","0"
"2016-05-02",KAU16,"7,880",0,"0.00","0","0","0","0","0","0"
"2016-05-02",KAU17,"7,880",0,"0.00","0","0","0","0","0","0"
"2016-05-02",KCU15,"18,500",0,"0.00","0","0","0","0","0","0"
"2016-05-02",KCU16,"13,700",0,"0.00","0","0","0","0","0","0"
"2016-04-29",KAU15,"19,000",0,"0.00","0","0","0","0","0","0"
"2016-04-29",KAU16,"7,880",0,"0.00","0","0","0","0","0","0"
"2016-04-29",KAU17,"7,880",0,"0.00","0","0","0","0","0","0"
"2016-04-29",KCU15,"18,500",0,"0.00","0","0","0","0","0","0"
"2016-04-29",KCU16,"13,700",0,"0.00","0","0","0","0","0","0"
"2016-04-28",KAU15,"19,000",550,"2.98","0","0","0","0","0","0"
"2016-04-28",KAU16,"7,880",0,"0.00","0","0","0","0","0","0"
"2016-04-28",KAU17,"7,880",0,"0.00","0","0","0","0","0","0"
"2016-04-28",KCU15,"18,500",0,"0.00","18,500","18,500","18,500","10,000","185,000,000","18,500"
"2016-04-28",KCU16,"13,700",0,"0.00","0","0","0","0","0","0"
"2016-04-27",KAU15,"18,450",0,"0.00","0","0","0","0","0","0"
"2016-04-27",KAU16,"7,880",0,"0.00","0","0","0","0","0","0"
"2016-04-27",KAU17,"7,880",0,"0.00","0","0","0","0","0","0"
"2016-04-27",KCU15,"18,500",0,"0.00","18,500","18,500","18,500","10,000","185,000,000","18,500"
"2016-04-27",KCU16,"13,700",0,"0.00","0","0","0","0","0","0"
"2016-04-26",KAU15,"18,450",0,"0.00","0","0","0","0","0","0"
"2016-04-26",KAU16,"7,880",0,"0.00","0","0","0","0","0","0"
"2016-04-26",KAU17,"7,880",0,"0.00","0","0","0","0","0","0"
"2016-04-26",KCU15,"18,500",0,"0.00","0","0","0","0","0","0"
"2016-04-26",KCU16,"13,700",0,"0.00","0","0","0","0","0","0"
"2016-04-25",KAU15,"18,450",0,"0.00","0","0","0","0","0","0"
"2016-04-25",KAU16,"7,880",0,"0.00","0","0","0","0","0","0"
"2016-04-25",KAU17,"7,880",0,"0.00","0","0","0","0","0","0"
"2016-04-25",KCU15,"18,500",0,"0.00","18,500","18,500","18,500","10,000","185,000,000","18,500"
"2016-04-25",KCU16,"13,700",0,"0.00","0","0","0","0","0","0"
"2016-04-22",KAU15,"18,450",0,"0.00","0","0","0","0","0","0"
"2016-04-22",KAU16,"7,880",0,"0.00","0","0","0","0","0","0"
"2016-04-22",KAU17,"7,880",0,"0.00","0","0","0","0","0","0"
"2016-04-22",KCU15,"18,500",0,"0.00","18,500","18,500","18,500","260,000","4,810,000,000","18,500"
"2016-04-22",KCU16,"13,700",0,"0.00","0","0","0","0","0","0"
"2016-04-21",KAU15,"18,450",0,"0.00","0","0","0","0","0","0"
"2016-04-21",KAU16,"7,880",0,"0.00","0","0","0","0","0","0"
"2016-04-21",KAU17,"7,880",0,"0.00","0","0","0","0","0","0"
"2016-04-21",KCU15,"18,500",0,"0.00","0","0","0","0","0","0"
"2016-04-21",KCU16,"13,700",0,"0.00","0","0","0","0","0","0"
"2016-04-20",KAU15,"18,450",0,"0.00","0","0","0","0","0","0"
"2016-04-20",KAU16,"7,880",0,"0.00","0","0","0","0","0","0"
"2016-04-20",KAU17,"7,880",0,"0.00","0","0","0","0","0","0"
"2016-04-20",KCU15,"18,500",0,"0.00","18,500","18,500","18,500","10,000","185,000,000","18,500"
"2016-04-20",KCU16,"13,700",0,"0.00","0","0","0","0","0","0"
"2016-04-19",KAU15,"18,450",0,"0.00","0","0","0","0","0","0"
"2016-04-19",KAU16,"7,880",0,"0.00","0","0","0","0","0","0"
"2016-04-19",KAU17,"7,880",0,"0.00","0","0","0","0","0","0"
"2016-04-19",KCU15,"18,500",0,"0.00","0","0","0","0","0","0"
"2016-04-19",KCU16,"13,700",0,"0.00","0","0","0","0","0","0"
"2016-04-18",KAU15,"18,450",0,"0.00","18,450","18,450","18,450","52,300","964,935,000","18,450"
"2016-04-18",KAU16,"7,880",0,"0.00","0","0","0","0","0","0"
"2016-04-18",KAU17,"7,880",0,"0.00","0","0","0","0","0","0"
"2016-04-18",KCU15,"18,500",0,"0.00","18,500","18,500","18,500","10,000","185,000,000","18,500"
"2016-04-18",KCU16,"13,700",0,"0.00","0","0","0","0","0","0"
"2016-04-15",KAU15,"18,450",0,"0.00","18,450","18,450","18,450","25,500","470,475,000","18,450"
"2016-04-15",KAU16,"7,880",0,"0.00","0","0","0","0","0","0"
"2016-04-15",KAU17,"7,880",0,"0.00","0","0","0","0","0","0"
"2016-04-15",KCU15,"18,500",0,"0.00","0","0","0","0","0","0"
"2016-04-15",KCU16,"13,700",0,"0.00","0","0","0","0","0","0"
"2016-04-14",KAU15,"18,450",0,"0.00","0","0","0","0","0","0"
"2016-04-14",KAU16,"7,880",0,"0.00","0","0","0","0","0","0"
"2016-04-14",KAU17,"7,880",0,"0.00","0","0","0","0","0","0"
"2016-04-14",KCU15,"18,500",0,"0.00","18,500","18,500","18,500","10,000","185,000,000","18,500"
"2016-04-14",KCU16,"13,700",0,"0.00","0","0","0","0","0","0"
"2016-04-12",KAU15,"18,450",0,"0.00","0","0","0","0","0","0"
"2016-04-12",KAU16,"7,880",0,"0.00","0","0","0","0","0","0"
"2016-04-12",KAU17,"7,880",0,"0.00","0","0","0","0","0","0"
"2016-04-12",KCU15,"18,500",0,"0.00","18,500","18,500","18,500","10,000","185,000,000","18,500"
"2016-04-12",KCU16,"13,700",0,"0.00","0","0","0","0","0","0"
"2016-04-11",KAU15,"18,450",0,"0.00","0","0","0","10,000","185,000,000","18,500"
"2016-04-11",KAU16,"7,880",0,"0.00","0","0","0","0","0","0"
"2016-04-11",KAU17,"7,880",0,"0.00","0","0","0","0","0","0"
"2016-04-11",KCU15,"18,500",0,"0.00","18,500","18,500","18,500","10,000","185,000,000","18,500"
"2016-04-11",KCU16,"13,700",0,"0.00","0","0","0","0","0","0"
"2016-04-08",KAU15,"18,450",0,"0.00","0","0","0","0","0","0"
"2016-04-08",KAU16,"7,880",0,"0.00","0","0","0","0","0","0"
"2016-04-08",KAU17,"7,880",0,"0.00","0","0","0","0","0","0"
"2016-04-08",KCU15,"18,500",0,"0.00","0","0","0","0","0","0"
"2016-04-08",KCU16,"13,700",0,"0.00","0","0","0","0","0","0"
"2016-04-07",KAU15,"18,450",0,"0.00","0","0","0","0","0","0"
"2016-04-07",KAU16,"7,880",0,"0.00","0","0","0","0","0","0"
"2016-04-07",KAU17,"7,880",0,"0.00","0","0","0","0","0","0"
"2016-04-07",KCU15,"18,500",0,"0.00","0","0","0","0","0","0"
"2016-04-07",KCU16,"13,700",0,"0.00","0","0","0","0","0","0"
"2016-04-06",KAU15,"18,450",0,"0.00","0","0","0","0","0","0"
"2016-04-06",KAU16,"7,880",0,"0.00","0","0","0","0","0","0"
"2016-04-06",KAU17,"7,880",0,"0.00","0","0","0","0","0","0"
"2016-04-06",KCU15,"18,500",0,"0.00","0","0","0","0","0","0"
"2016-04-06",KCU16,"13,700",0,"0.00","0","0","0","0","0","0"
"2016-04-05",KAU15,"18,450",0,"0.00","0","0","0","0","0","0"
"2016-04-05",KAU16,"7,880",0,"0.00","0","0","0","0","0","0"
"2016-04-05",KAU17,"7,880",0,"0.00","0","0","0","0","0","0"
"2016-04-05",KCU15,"18,500",0,"0.00","0","0","0","0","0","0"
"2016-04-05",KCU16,"13,700",0,"0.00","0","0","0","0","0","0"
"2016-04-04",KAU15,"18,450",0,"0.00","0","0","0","0","0","0"
"2016-04-04",KAU16,"7,880",0,"0.00","0","0","0","0","0","0"
"2016-04-04",KAU17,"7,880",0,"0.00","0","0","0","0","0","0"
"2016-04-04",KCU15,"18,500",0,"0.00","0","0","0","0","0","0"
"2016-04-04",KCU16,"13,700",0,"0.00","0","0","0","0","0","0"
"2016-04-01",KAU15,"18,450",0,"0.00","0","0","0","0","0","0"
"2016-04-01",KAU16,"7,880",0,"0.00","0","0","0","0","0","0"
"2016-04-01",KAU17,"7,880",0,"0.00","0","0","0","0","0","0"
"2016-04-01",KCU15,"18,500",0,"0.00","0","0","0","0","0","0"
"2016-04-01",KCU16,"13,700",0,"0.00","0","0","0","0","0","0"
"2016-03-31",KAU15,"18,450",0,"0.00","0","0","0","0","0","0"
"2016-03-31",KAU16,"7,880",0,"0.00","0","0","0","0","0","0"
"2016-03-31",KAU17,"7,880",0,"0.00","0","0","0","0","0","0"
"2016-03-31",KCU15,"18,500",0,"0.00","0","0","0","0","0","0"
"2016-03-31",KCU16,"13,700",0,"0.00","0","0","0","0","0","0"
"2016-03-30",KAU15,"18,450",0,"0.00","0","0","0","0","0","0"
"2016-03-30",KAU16,"7,880",0,"0.00","0","0","0","0","0","0"
"2016-03-30",KAU17,"7,880",0,"0.00","0","0","0","0","0","0"
"2016-03-30",KCU15,"18,500",0,"0.00","0","0","0","0","0","0"
"2016-03-30",KCU16,"13,700",0,"0.00","0","0","0","0","0","0"
"2016-03-29",KAU15,"18,450",0,"0.00","0","0","0","0","0","0"
"2016-03-29",KAU16,"7,880",0,"0.00","0","0","0","0","0","0"
"2016-03-29",KAU17,"7,880",0,"0.00","0","0","0","0","0","0"
"2016-03-29",KCU15,"18,500",0,"0.00","0","0","0","0","0","0"
"2016-03-29",KCU16,"13,700",0,"0.00","0","0","0","0","0","0"
"2016-03-28",KAU15,"18,450",0,"0.00","0","0","0","0","0","0"
"2016-03-28",KAU16,"7,880",0,"0.00","0","0","0","0","0","0"
"2016-03-28",KAU17,"7,880",0,"0.00","0","0","0","0","0","0"
"2016-03-28",KCU15,"18,500",0,"0.00","0","0","0","0","0","0"
"2016-03-28",KCU16,"13,700",0,"0.00","0","0","0","0","0","0"
"2016-03-25",KAU15,"18,450",0,"0.00","0","0","0","0","0","0"
"2016-03-25",KAU16,"7,880",0,"0.00","0","0","0","0","0","0"
"2016-03-25",KAU17,"7,880",0,"0.00","0","0","0","0","0","0"
"2016-03-25",KCU15,"18,500",0,"0.00","0","0","0","0","0","0"
"2016-03-25",KCU16,"13,700",0,"0.00","0","0","0","0","0","0"
"2016-03-24",KAU15,"18,450",0,"0.00","0","0","0","0","0","0"
"2016-03-24",KAU16,"7,880",0,"0.00","0","0","0","0","0","0"
"2016-03-24",KAU17,"7,880",0,"0.00","0","0","0","0","0","0"
"2016-03-24",KCU15,"18,500",0,"0.00","0","0","0","0","0","0"
"2016-03-24",KCU16,"13,700",0,"0.00","0","0","0","0","0","0"
"2016-03-23",KAU15,"18,450",0,"0.00","0","0","0","0","0","0"
"2016-03-23",KAU16,"7,880",0,"0.00","0","0","0","0","0","0"
"2016-03-23",KAU17,"7,880",0,"0.00","0","0","0","0","0","0"
"2016-03-23",KCU15,"18,500",0,"0.00","0","0","0","0","0","0"
"2016-03-23",KCU16,"13,700",0,"0.00","0","0","0","0","0","0"
"2016-03-22",KAU15,"18,450",0,"0.00","0","0","0","0","0","0"
"2016-03-22",KAU16,"7,880",0,"0.00","0","0","0","0","0","0"
"2016-03-22",KAU17,"7,880",0,"0.00","0","0","0","0","0","0"
"2016-03-22",KCU15,"18,500",0,"0.00","0","0","0","0","0","0"
"2016-03-22",KCU16,"13,700",0,"0.00","0","0","0","0","0","0"
"2016-03-21",KAU15,"18,450",0,"0.00","0","0","0","0","0","0"
"2016-03-21",KAU16,"7,880",0,"0.00","0","0","0","0","0","0"
"2016-03-21",KAU17,"7,880",0,"0.00","0","0","0","0","0","0"
"2016-03-21",KCU15,"18,500",0,"0.00","0","0","0","0","0","0"
"2016-03-21",KCU16,"13,700",0,"0.00","0","0","0","0","0","0"
"2016-03-18",KAU15,"18,450",0,"0.00","0","0","0","15,500","267,375,000","17,250"
"2016-03-18",KAU16,"7,880",0,"0.00","0","0","0","0","0","0"
"2016-03-18",KAU17,"7,880",0,"0.00","0","0","0","0","0","0"
"2016-03-18",KCU15,"18,500",0,"0.00","0","0","0","0","0","0"
"2016-03-18",KCU16,"13,700",0,"0.00","0","0","0","0","0","0"
"2016-03-17",KAU15,"18,450",0,"0.00","0","0","0","0","0","0"
"2016-03-17",KAU16,"7,880",0,"0.00","0","0","0","0","0","0"
"2016-03-17",KAU17,"7,880",0,"0.00","0","0","0","0","0","0"
"2016-03-17",KCU15,"18,500",0,"0.00","0","0","0","0","0","0"
"2016-03-17",KCU16,"13,700",0,"0.00","0","0","0","0","0","0"
"2016-03-16",KAU15,"18,450",0,"0.00","0","0","0","0","0","0"
"2016-03-16",KAU16,"7,880",0,"0.00","0","0","0","0","0","0"
"2016-03-16",KAU17,"7,880",0,"0.00","0","0","0","0","0","0"
"2016-03-16",KCU15,"18,500",0,"0.00","18,500","18,500","18,500","500","9,250,000","18,500"
"2016-03-16",KCU16,"13,700",0,"0.00","0","0","0","0","0","0"
"2016-03-15",KAU15,"18,450",1650,"9.82","18,450","18,450","18,450","7,000","122,975,000","17,568"
"2016-03-15",KAU16,"7,880",0,"0.00","0","0","0","0","0","0"
"2016-03-15",KAU17,"7,880",0,"0.00","0","0","0","0","0","0"
"2016-03-15",KCU15,"18,500",500,"2.78","18,500","18,500","18,500","2,529","46,786,500","18,500"
"2016-03-15",KCU16,"13,700",0,"0.00","0","0","0","0","0","0"
"2016-03-14",KAU15,"16,800",0,"0.00","0","0","0","0","0","0"
"2016-03-14",KAU16,"7,880",0,"0.00","0","0","0","0","0","0"
"2016-03-14",KAU17,"7,880",0,"0.00","0","0","0","0","0","0"
"2016-03-14",KCU15,"18,000",0,"0.00","0","0","0","0","0","0"
"2016-03-14",KCU16,"13,700",0,"0.00","0","0","0","0","0","0"
"2016-03-11",KAU15,"16,800",0,"0.00","0","0","0","0","0","0"
"2016-03-11",KAU16,"7,880",0,"0.00","0","0","0","0","0","0"
"2016-03-11",KAU17,"7,880",0,"0.00","0","0","0","0","0","0"
"2016-03-11",KCU15,"18,000",0,"0.00","0","0","0","0","0","0"
"2016-03-11",KCU16,"13,700",0,"0.00","0","0","0","0","0","0"
"2016-03-10",KAU15,"16,800",0,"0.00","0","0","0","0","0","0"
"2016-03-10",KAU16,"7,880",0,"0.00","0","0","0","0","0","0"
"2016-03-10",KAU17,"7,880",0,"0.00","0","0","0","0","0","0"
"2016-03-10",KCU15,"18,000",400,"2.27","18,000","18,000","18,000","2,500","45,000,000","18,000"
"2016-03-10",KCU16,"13,700",0,"0.00","0","0","0","0","0","0"
"2016-03-09",KAU15,"16,800",0,"0.00","0","0","0","0","0","0"
"2016-03-09",KAU16,"7,880",0,"0.00","0","0","0","0","0","0"
"2016-03-09",KAU17,"7,880",0,"0.00","0","0","0","0","0","0"
"2016-03-09",KCU15,"17,600",0,"0.00","0","0","0","0","0","0"
"2016-03-09",KCU16,"13,700",0,"0.00","0","0","0","0","0","0"
"2016-03-08",KAU15,"16,800",0,"0.00","0","0","0","0","0","0"
"2016-03-08",KAU16,"7,880",0,"0.00","0","0","0","0","0","0"
"2016-03-08",KAU17,"7,880",0,"0.00","0","0","0","0","0","0"
"2016-03-08",KCU15,"17,600",1600,"10.00","17,500","17,600","17,500","8,300","145,750,000","17,560"
"2016-03-08",KCU16,"13,700",0,"0.00","0","0","0","0","0","0"
"2016-03-07",KAU15,"16,800",800,"5.00","0","0","0","0","0","0"
"2016-03-07",KAU16,"7,880",0,"0.00","0","0","0","0","0","0"
"2016-03-07",KAU17,"7,880",0,"0.00","0","0","0","0","0","0"
"2016-03-07",KCU15,"16,000",0,"0.00","0","0","0","0","0","0"
"2016-03-07",KCU16,"13,700",0,"0.00","0","0","0","0","0","0"
"2016-03-04",KAU15,"16,000",0,"0.00","0","0","0","0","0","0"
"2016-03-04",KAU16,"7,880",0,"0.00","0","0","0","0","0","0"
"2016-03-04",KAU17,"7,880",0,"0.00","0","0","0","0","0","0"
"2016-03-04",KCU15,"16,000",0,"0.00","0","0","0","0","0","0"
"2016-03-04",KCU16,"13,700",0,"0.00","0","0","0","0","0","0"
"2016-03-03",KAU15,"16,000",0,"0.00","0","0","0","0","0","0"
"2016-03-03",KAU16,"7,880",0,"0.00","0","0","0","0","0","0"
"2016-03-03",KAU17,"7,880",0,"0.00","0","0","0","0","0","0"
"2016-03-03",KCU15,"16,000",0,"0.00","0","0","0","0","0","0"
"2016-03-03",KCU16,"13,700",0,"0.00","0","0","0","0","0","0"
"2016-03-02",KAU15,"16,000",0,"0.00","0","0","0","0","0","0"
"2016-03-02",KAU16,"7,880",0,"0.00","0","0","0","0","0","0"
"2016-03-02",KAU17,"7,880",0,"0.00","0","0","0","0","0","0"
"2016-03-02",KCU15,"16,000",0,"0.00","0","0","0","0","0","0"
"2016-03-02",KCU16,"13,700",0,"0.00","0","0","0","0","0","0"
"2016-02-29",KAU15,"16,000",0,"0.00","0","0","0","0","0","0"
"2016-02-29",KAU16,"7,880",0,"0.00","0","0","0","0","0","0"
"2016-02-29",KAU17,"7,880",0,"0.00","0","0","0","0","0","0"
"2016-02-29",KCU15,"16,000",0,"0.00","0","0","0","0","0","0"
"2016-02-29",KCU16,"13,700",0,"0.00","0","0","0","0","0","0"
"2016-02-26",KAU15,"16,000",0,"0.00","0","0","0","0","0","0"
"2016-02-26",KAU16,"7,880",0,"0.00","0","0","0","0","0","0"
"2016-02-26",KAU17,"7,880",0,"0.00","0","0","0","0","0","0"
"2016-02-26",KCU15,"16,000",0,"0.00","0","0","0","0","0","0"
"2016-02-26",KCU16,"13,700",0,"0.00","0","0","0","0","0","0"
"2016-02-25",KAU15,"16,000",0,"0.00","0","0","0","0","0","0"
"2016-02-25",KAU16,"7,880",0,"0.00","0","0","0","0","0","0"
"2016-02-25",KAU17,"7,880",0,"0.00","0","0","0","0","0","0"
"2016-02-25",KCU15,"16,000",0,"0.00","0","0","0","0","0","0"
"2016-02-25",KCU16,"13,700",0,"0.00","0","0","0","0","0","0"
"2016-02-24",KAU15,"16,000",200,"1.27","0","0","0","0","0","0"
"2016-02-24",KAU16,"7,880",0,"0.00","0","0","0","0","0","0"
"2016-02-24",KAU17,"7,880",0,"0.00","0","0","0","0","0","0"
"2016-02-24",KCU15,"16,000",0,"0.00","0","0","0","0","0","0"
"2016-02-24",KCU16,"13,700",0,"0.00","0","0","0","0","0","0"
"2016-02-23",KAU15,"15,800",1400,"9.72","15,800","15,800","15,800","500","7,900,000","15,800"
"2016-02-23",KAU16,"7,880",0,"0.00","0","0","0","0","0","0"
"2016-02-23",KAU17,"7,880",0,"0.00","0","0","0","0","0","0"
"2016-02-23",KCU15,"16,000",0,"0.00","0","0","0","0","0","0"
"2016-02-23",KCU16,"13,700",0,"0.00","0","0","0","0","0","0"
"2016-02-22",KAU15,"14,400",1300,"9.92","14,400","14,400","14,400","500","7,200,000","14,400"
"2016-02-22",KAU16,"7,880",0,"0.00","0","0","0","0","0","0"
"2016-02-22",KAU17,"7,880",0,"0.00","0","0","0","0","0","0"
"2016-02-22",KCU15,"16,000",0,"0.00","0","0","0","60,000","1,020,000,000","17,000"
"2016-02-22",KCU16,"13,700",0,"0.00","0","0","0","0","0","0"
"2016-02-19",KAU15,"13,100",300,"2.34","0","0","0","0","0","0"
"2016-02-19",KAU16,"7,880",0,"0.00","0","0","0","0","0","0"
"2016-02-19",KAU17,"7,880",0,"0.00","0","0","0","0","0","0"
"2016-02-19",KCU15,"16,000",0,"0.00","0","0","0","0","0","0"
"2016-02-19",KCU16,"13,700",0,"0.00","0","0","0","0","0","0"
"2016-02-18",KAU15,"12,800",0,"0.00","0","0","0","0","0","0"
"2016-02-18",KAU16,"7,880",0,"0.00","0","0","0","0","0","0"
"2016-02-18",KAU17,"7,880",0,"0.00","0","0","0","0","0","0"
"2016-02-18",KCU15,"16,000",1000,"6.67","16,000","16,000","16,000","233,000","3,843,000,000","16,494"
"2016-02-18",KCU16,"13,700",0,"0.00","0","0","0","0","0","0"
"2016-02-17",KAU15,"12,800",0,"0.00","0","0","0","0","0","0"
"2016-02-17",KAU16,"7,880",0,"0.00","0","0","0","0","0","0"
"2016-02-17",KAU17,"7,880",0,"0.00","0","0","0","0","0","0"
"2016-02-17",KCU15,"15,000",1300,"9.49","15,000","15,000","15,000","20,000","300,000,000","15,000"
"2016-02-17",KCU16,"13,700",0,"0.00","0","0","0","0","0","0"
"2016-02-16",KAU15,"12,800",0,"0.00","0","0","0","0","0","0"
"2016-02-16",KAU16,"7,880",0,"0.00","0","0","0","0","0","0"
"2016-02-16",KAU17,"7,880",0,"0.00","0","0","0","0","0","0"
"2016-02-16",KCU15,"13,700",0,"0.00","0","0","0","0","0","0"
"2016-02-16",KCU16,"13,700",0,"0.00","0","0","0","0","0","0"
"2016-02-15",KAU15,"12,800",0,"0.00","0","0","0","0","0","0"
"2016-02-15",KAU16,"7,880",0,"0.00","0","0","0","0","0","0"
"2016-02-15",KAU17,"7,880",0,"0.00","0","0","0","0","0","0"
"2016-02-15",KCU15,"13,700",0,"0.00","0","0","0","0","0","0"
"2016-02-15",KCU16,"13,700",0,"0.00","0","0","0","0","0","0"
"2016-02-12",KAU15,"12,800",0,"0.00","0","0","0","0","0","0"
"2016-02-12",KAU16,"7,880",0,"0.00","0","0","0","0","0","0"
"2016-02-12",KAU17,"7,880",0,"0.00","0","0","0","0","0","0"
"2016-02-12",KCU15,"13,700",0,"0.00","0","0","0","0","0","0"
"2016-02-12",KCU16,"13,700",0,"0.00","0","0","0","0","0","0"
"2016-02-11",KAU15,"12,800",0,"0.00","0","0","0","0","0","0"
"2016-02-11",KAU16,"7,880",0,"0.00","0","0","0","0","0","0"
"2016-02-11",KAU17,"7,880",0,"0.00","0","0","0","0","0","0"
"2016-02-11",KCU15,"13,700",0,"0.00","0","0","0","0","0","0"
"2016-02-11",KCU16,"13,700",0,"0.00","0","0","0","0","0","0"
"2016-02-05",KAU15,"12,800",100,"0.79","0","0","0","0","0","0"
"2016-02-05",KAU16,"7,880",0,"0.00","0","0","0","0","0","0"
"2016-02-05",KAU17,"7,880",0,"0.00","0","0","0","0","0","0"
"2016-02-05",KCU15,"13,700",0,"0.00","0","0","0","0","0","0"
"2016-02-05",KCU16,"13,700",0,"0.00","0","0","0","0","0","0"
"2016-02-04",KAU15,"12,700",0,"0.00","0","0","0","0","0","0"
"2016-02-04",KAU16,"7,880",0,"0.00","0","0","0","0","0","0"
"2016-02-04",KAU17,"7,880",0,"0.00","0","0","0","0","0","0"
"2016-02-04",KCU15,"13,700",0,"0.00","0","0","0","0","0","0"
"2016-02-04",KCU16,"13,700",0,"0.00","0","0","0","0","0","0"
"2016-02-03",KAU15,"12,700",0,"0.00","0","0","0","0","0","0"
"2016-02-03",KAU16,"7,880",0,"0.00","0","0","0","0","0","0"
"2016-02-03",KAU17,"7,880",0,"0.00","0","0","0","0","0","0"
"2016-02-03",KCU15,"13,700",0,"0.00","0","0","0","0","0","0"
"2016-02-03",KCU16,"13,700",0,"0.00","0","0","0","0","0","0"
"2016-02-02",KAU15,"12,700",0,"0.00","0","0","0","0","0","0"
"2016-02-02",KAU16,"7,880",0,"0.00","0","0","0","0","0","0"
"2016-02-02",KAU17,"7,880",0,"0.00","0","0","0","0","0","0"
"2016-02-02",KCU15,"13,700",0,"0.00","0","0","0","0","0","0"
"2016-02-02",KCU16,"13,700",0,"0.00","0","0","0","0","0","0"
"2016-02-01",KAU15,"12,700",0,"0.00","0","0","0","0","0","0"
"2016-02-01",KAU16,"7,880",0,"0.00","0","0","0","0","0","0"
"2016-02-01",KAU17,"7,880",0,"0.00","0","0","0","0","0","0"
"2016-02-01",KCU15,"13,700",0,"0.00","0","0","0","0","0","0"
"2016-02-01",KCU16,"13,700",0,"0.00","0","0","0","0","0","0"
"2016-01-29",KAU15,"12,700",0,"0.00","0","0","0","0","0","0"
"2016-01-29",KAU16,"7,880",0,"0.00","0","0","0","0","0","0"
"2016-01-29",KAU17,"7,880",0,"0.00","0","0","0","0","0","0"
"2016-01-29",KCU15,"13,700",0,"0.00","0","0","0","0","0","0"
"2016-01-29",KCU16,"13,700",0,"0.00","0","0","0","0","0","0"
"2016-01-28",KAU15,"12,700",0,"0.00","0","0","0","0","0","0"
"2016-01-28",KAU16,"7,880",0,"0.00","0","0","0","0","0","0"
"2016-01-28",KAU17,"7,880",0,"0.00","0","0","0","0","0","0"
"2016-01-28",KCU15,"13,700",0,"0.00","0","0","0","0","0","0"
"2016-01-28",KCU16,"13,700",0,"0.00","0","0","0","0","0","0"
"2016-01-27",KAU15,"12,700",0,"0.00","0","0","0","0","0","0"
"2016-01-27",KAU16,"7,880",0,"0.00","0","0","0","0","0","0"
"2016-01-27",KAU17,"7,880",0,"0.00","0","0","0","0","0","0"
"2016-01-27",KCU15,"13,700",0,"0.00","0","0","0","0","0","0"
"2016-01-27",KCU16,"13,700",0,"0.00","0","0","0","0","0","0"
"2016-01-26",KAU15,"12,700",0,"0.00","0","0","0","0","0","0"
"2016-01-26",KAU16,"7,880",0,"0.00","0","0","0","0","0","0"
"2016-01-26",KAU17,"7,880",0,"0.00","0","0","0","0","0","0"
"2016-01-26",KCU15,"13,700",0,"0.00","0","0","0","0","0","0"
"2016-01-26",KCU16,"13,700",0,"0.00","0","0","0","0","0","0"
"2016-01-25",KAU15,"12,700",100,"0.79","0","0","0","0","0","0"
"2016-01-25",KAU16,"7,880",0,"0.00","0","0","0","0","0","0"
"2016-01-25",KAU17,"7,880",0,"0.00","0","0","0","0","0","0"
"2016-01-25",KCU15,"13,700",0,"0.00","0","0","0","0","0","0"
"2016-01-25",KCU16,"13,700",0,"0.00","0","0","0","0","0","0"
"2016-01-22",KAU15,"12,600",0,"0.00","0","0","0","0","0","0"
"2016-01-22",KAU16,"7,880",0,"0.00","0","0","0","0","0","0"
"2016-01-22",KAU17,"7,880",0,"0.00","0","0","0","0","0","0"
"2016-01-22",KCU15,"13,700",0,"0.00","0","0","0","0","0","0"
"2016-01-22",KCU16,"13,700",0,"0.00","0","0","0","0","0","0"
"2016-01-21",KAU15,"12,600",0,"0.00","0","0","0","0","0","0"
"2016-01-21",KAU16,"7,880",0,"0.00","0","0","0","0","0","0"
"2016-01-21",KAU17,"7,880",0,"0.00","0","0","0","0","0","0"
"2016-01-21",KCU15,"13,700",0,"0.00","0","0","0","0","0","0"
"2016-01-21",KCU16,"13,700",0,"0.00","0","0","0","0","0","0"
"2016-01-20",KAU15,"12,600",0,"0.00","0","0","0","0","0","0"
"2016-01-20",KAU16,"7,880",0,"0.00","0","0","0","0","0","0"
"2016-01-20",KAU17,"7,880",0,"0.00","0","0","0","0","0","0"
"2016-01-20",KCU15,"13,700",0,"0.00","0","0","0","0","0","0"
"2016-01-20",KCU16,"13,700",0,"0.00","0","0","0","0","0","0"
"2016-01-19",KAU15,"12,600",0,"0.00","0","0","0","0","0","0"
"2016-01-19",KAU16,"7,880",0,"0.00","0","0","0","0","0","0"
"2016-01-19",KAU17,"7,880",0,"0.00","0","0","0","0","0","0"
"2016-01-19",KCU15,"13,700",0,"0.00","0","0","0","0","0","0"
"2016-01-19",KCU16,"13,700",0,"0.00","0","0","0","0","0","0"
"2016-01-18",KAU15,"12,600",0,"0.00","0","0","0","0","0","0"
"2016-01-18",KAU16,"7,880",0,"0.00","0","0","0","0","0","0"
"2016-01-18",KAU17,"7,880",0,"0.00","0","0","0","0","0","0"
"2016-01-18",KCU15,"13,700",0,"0.00","0","0","0","0","0","0"
"2016-01-18",KCU16,"13,700",0,"0.00","0","0","0","0","0","0"
"2016-01-15",KAU15,"12,600",600,"5.00","12,600","12,600","12,600","100","1,260,000","12,600"
"2016-01-15",KAU16,"7,880",0,"0.00","0","0","0","0","0","0"
"2016-01-15",KAU17,"7,880",0,"0.00","0","0","0","0","0","0"
"2016-01-15",KCU15,"13,700",0,"0.00","0","0","0","0","0","0"
"2016-01-14",KAU15,"12,000",0,"0.00","0","0","0","0","0","0"
"2016-01-14",KAU16,"7,880",0,"0.00","0","0","0","0","0","0"
"2016-01-14",KAU17,"7,880",0,"0.00","0","0","0","0","0","0"
"2016-01-14",KCU15,"13,700",0,"0.00","0","0","0","0","0","0"
"2016-01-13",KAU15,"12,000",0,"0.00","0","0","0","0","0","0"
"2016-01-13",KAU16,"7,880",0,"0.00","0","0","0","0","0","0"
"2016-01-13",KAU17,"7,880",0,"0.00","0","0","0","0","0","0"
"2016-01-13",KCU15,"13,700",0,"0.00","0","0","0","0","0","0"
"2016-01-12",KAU15,"12,000",0,"0.00","0","0","0","0","0","0"
"2016-01-12",KAU16,"7,880",0,"0.00","0","0","0","0","0","0"
"2016-01-12",KAU17,"7,880",0,"0.00","0","0","0","0","0","0"
"2016-01-12",KCU15,"13,700",0,"0.00","0","0","0","0","0","0"
"2016-01-11",KAU15,"12,000",0,"0.00","0","0","0","0","0","0"
"2016-01-11",KAU16,"7,880",0,"0.00","0","0","0","0","0","0"
"2016-01-11",KAU17,"7,880",0,"0.00","0","0","0","0","0","0"
"2016-01-11",KCU15,"13,700",0,"0.00","0","0","0","0","0","0"
"2016-01-08",KAU15,"12,000",0,"0.00","0","0","0","0","0","0"
"2016-01-08",KAU16,"7,880",0,"0.00","0","0","0","0","0","0"
"2016-01-08",KAU17,"7,880",0,"0.00","0","0","0","0","0","0"
"2016-01-08",KCU15,"13,700",0,"0.00","0","0","0","0","0","0"
"2016-01-07",KAU15,"12,000",0,"0.00","0","0","0","0","0","0"
"2016-01-07",KAU16,"7,880",0,"0.00","0","0","0","0","0","0"
"2016-01-07",KAU17,"7,880",0,"0.00","0","0","0","0","0","0"
"2016-01-07",KCU15,"13,700",0,"0.00","0","0","0","0","0","0"
"2016-01-06",KAU15,"12,000",0,"0.00","0","0","0","0","0","0"
"2016-01-06",KAU16,"7,880",0,"0.00","0","0","0","0","0","0"
"2016-01-06",KAU17,"7,880",0,"0.00","0","0","0","0","0","0"
"2016-01-06",KCU15,"13,700",0,"0.00","0","0","0","0","0","0"
"2016-01-05",KAU15,"12,000",0,"0.00","0","0","0","0","0","0"
"2016-01-05",KAU16,"7,880",0,"0.00","0","0","0","0","0","0"
"2016-01-05",KAU17,"7,880",0,"0.00","0","0","0","0","0","0"
"2016-01-05",KCU15,"13,700",0,"0.00","0","0","0","0","0","0"
"2016-01-04",KAU15,"12,000",0,"0.00","0","0","0","0","0","0"
"2016-01-04",KAU16,"7,880",0,"0.00","0","0","0","0","0","0"
"2016-01-04",KAU17,"7,880",0,"0.00","0","0","0","0","0","0"
"2016-01-04",KCU15,"13,700",0,"0.00","0","0","0","0","0","0"
"2015-12-30",KAU15,"12,000",0,"0.00","0","0","0","0","0","0"
"2015-12-30",KAU16,"7,880",0,"0.00","0","0","0","0","0","0"
"2015-12-30",KAU17,"7,880",0,"0.00","0","0","0","0","0","0"
"2015-12-30",KCU15,"13,700",0,"0.00","0","0","0","0","0","0"
"2015-12-29",KAU15,"12,000",0,"0.00","0","0","0","0","0","0"
"2015-12-29",KAU16,"7,880",0,"0.00","0","0","0","0","0","0"
"2015-12-29",KAU17,"7,880",0,"0.00","0","0","0","0","0","0"
"2015-12-29",KCU15,"13,700",0,"0.00","0","0","0","15,000","219,000,000","14,600"
"2015-12-28",KAU15,"12,000",0,"0.00","0","0","0","0","0","0"
"2015-12-28",KAU16,"7,880",0,"0.00","0","0","0","0","0","0"
"2015-12-28",KAU17,"7,880",0,"0.00","0","0","0","0","0","0"
"2015-12-28",KCU15,"13,700",0,"0.00","0","0","0","15,000","219,000,000","14,600"
"2015-12-24",KAU15,"12,000",0,"0.00","0","0","0","0","0","0"
"2015-12-24",KAU16,"7,880",0,"0.00","0","0","0","0","0","0"
"2015-12-24",KAU17,"7,880",0,"0.00","0","0","0","0","0","0"
"2015-12-24",KCU15,"13,700",0,"0.00","0","0","0","0","0","0"
"2015-12-23",KAU15,"12,000",300,"2.56","0","0","0","0","0","0"
"2015-12-23",KAU16,"7,880",0,"0.00","0","0","0","0","0","0"
"2015-12-23",KAU17,"7,880",0,"0.00","0","0","0","0","0","0"
"2015-12-23",KCU15,"13,700",300,"2.24","0","0","0","78,000","1,138,800,000","14,600"
"2015-12-22",KAU15,"11,700",0,"0.00","0","0","0","0","0","0"
"2015-12-22",KAU16,"7,880",0,"0.00","0","0","0","0","0","0"
"2015-12-22",KAU17,"7,880",0,"0.00","0","0","0","0","0","0"
"2015-12-22",KCU15,"13,400",1200,"9.84","13,050","13,400","13,050","23,000","306,650,000","13,333"
"2015-12-21",KAU15,"11,700",100,"0.86","0","0","0","0","0","0"
"2015-12-21",KAU16,"7,880",0,"0.00","0","0","0","0","0","0"
"2015-12-21",KAU17,"7,880",0,"0.00","0","0","0","0","0","0"
"2015-12-21",KCU15,"12,200",1100,"9.91","12,200","12,200","12,200","10,059","122,719,800","12,200"
"2015-12-18",KAU15,"11,600",0,"0.00","0","0","0","0","0","0"
"2015-12-18",KAU16,"7,880",0,"0.00","0","0","0","0","0","0"
"2015-12-18",KAU17,"7,880",0,"0.00","0","0","0","0","0","0"
"2015-12-18",KCU15,"11,100",100,"0.91","0","0","0","0","0","0"
"2015-12-17",KAU15,"11,600",0,"0.00","0","0","0","0","0","0"
"2015-12-17",KAU16,"7,880",0,"0.00","0","0","0","0","0","0"
"2015-12-17",KAU17,"7,880",0,"0.00","0","0","0","0","0","0"
"2015-12-17",KCU15,"11,000",0,"0.00","0","0","0","0","0","0"
"2015-12-16",KAU15,"11,600",0,"0.00","0","0","0","0","0","0"
"2015-12-16",KAU16,"7,880",0,"0.00","0","0","0","0","0","0"
"2015-12-16",KAU17,"7,880",0,"0.00","0","0","0","0","0","0"
"2015-12-16",KCU15,"11,000",0,"0.00","0","0","0","0","0","0"
"2015-12-15",KAU15,"11,600",0,"0.00","0","0","0","0","0","0"
"2015-12-15",KAU16,"7,880",0,"0.00","0","0","0","0","0","0"
"2015-12-15",KAU17,"7,880",0,"0.00","0","0","0","0","0","0"
"2015-12-15",KCU15,"11,000",0,"0.00","0","0","0","0","0","0"
"2015-12-14",KAU15,"11,600",0,"0.00","0","0","0","0","0","0"
"2015-12-14",KAU16,"7,880",0,"0.00","0","0","0","0","0","0"
"2015-12-14",KAU17,"7,880",0,"0.00","0","0","0","0","0","0"
"2015-12-14",KCU15,"11,000",0,"0.00","0","0","0","0","0","0"
"2015-12-11",KAU15,"11,600",0,"0.00","0","0","0","0","0","0"
"2015-12-11",KAU16,"7,880",0,"0.00","0","0","0","0","0","0"
"2015-12-11",KAU17,"7,880",0,"0.00","0","0","0","0","0","0"
"2015-12-11",KCU15,"11,000",0,"0.00","0","0","0","0","0","0"
"2015-12-10",KAU15,"11,600",0,"0.00","0","0","0","40,000","484,000,000","12,100"
"2015-12-10",KAU16,"7,880",0,"0.00","0","0","0","0","0","0"
"2015-12-10",KAU17,"7,880",0,"0.00","0","0","0","0","0","0"
"2015-12-10",KCU15,"11,000",0,"0.00","0","0","0","0","0","0"
"2015-12-09",KAU15,"11,600",0,"0.00","0","0","0","100,000","1,210,000,000","12,100"
"2015-12-09",KAU16,"7,880",0,"0.00","0","0","0","0","0","0"
"2015-12-09",KAU17,"7,880",0,"0.00","0","0","0","0","0","0"
"2015-12-09",KCU15,"11,000",0,"0.00","0","0","0","0","0","0"
"2015-12-08",KAU15,"11,600",0,"0.00","0","0","0","0","0","0"
"2015-12-08",KAU16,"7,880",0,"0.00","0","0","0","0","0","0"
"2015-12-08",KAU17,"7,880",0,"0.00","0","0","0","0","0","0"
"2015-12-08",KCU15,"11,000",0,"0.00","0","0","0","0","0","0"
"2015-12-07",KAU15,"11,600",100,"0.87","0","0","0","0","0","0"
"2015-12-07",KAU16,"7,880",0,"0.00","0","0","0","0","0","0"
"2015-12-07",KAU17,"7,880",0,"0.00","0","0","0","0","0","0"
"2015-12-07",KCU15,"11,000",450,"4.27","0","0","0","0","0","0"
"2015-12-04",KAU15,"11,500",0,"0.00","0","0","0","0","0","0"
"2015-12-04",KAU16,"7,880",0,"0.00","0","0","0","0","0","0"
"2015-12-04",KAU17,"7,880",0,"0.00","0","0","0","0","0","0"
"2015-12-04",KCU15,"10,550",0,"0.00","0","0","0","0","0","0"
"2015-12-03",KAU15,"11,500",0,"0.00","0","0","0","0","0","0"
"2015-12-03",KAU16,"7,880",0,"0.00","0","0","0","0","0","0"
"2015-12-03",KAU17,"7,880",0,"0.00","0","0","0","0","0","0"
"2015-12-03",KCU15,"10,550",0,"0.00","0","0","0","0","0","0"
"2015-12-02",KAU15,"11,500",0,"0.00","0","0","0","0","0","0"
"2015-12-02",KAU16,"7,880",0,"0.00","0","0","0","0","0","0"
"2015-12-02",KAU17,"7,880",0,"0.00","0","0","0","0","0","0"
"2015-12-02",KCU15,"10,550",0,"0.00","0","0","0","0","0","0"
"2015-12-01",KAU15,"11,500",0,"0.00","0","0","0","0","0","0"
"2015-12-01",KAU16,"7,880",0,"0.00","0","0","0","0","0","0"
"2015-12-01",KAU17,"7,880",0,"0.00","0","0","0","0","0","0"
"2015-12-01",KCU15,"10,550",0,"0.00","0","0","0","0","0","0"
"2015-11-30",KAU15,"11,500",0,"0.00","0","0","0","0","0","0"
"2015-11-30",KAU16,"7,880",0,"0.00","0","0","0","0","0","0"
"2015-11-30",KAU17,"7,880",0,"0.00","0","0","0","0","0","0"
"2015-11-30",KCU15,"10,550",0,"0.00","0","0","0","0","0","0"
"2015-11-27",KAU15,"11,500",0,"0.00","0","0","0","0","0","0"
"2015-11-27",KAU16,"7,880",0,"0.00","0","0","0","0","0","0"
"2015-11-27",KAU17,"7,880",0,"0.00","0","0","0","0","0","0"
"2015-11-27",KCU15,"10,550",0,"0.00","0","0","0","0","0","0"
"2015-11-26",KAU15,"11,500",0,"0.00","0","0","0","0","0","0"
"2015-11-26",KAU16,"7,880",0,"0.00","0","0","0","0","0","0"
"2015-11-26",KAU17,"7,880",0,"0.00","0","0","0","0","0","0"
"2015-11-26",KCU15,"10,550",0,"0.00","0","0","0","0","0","0"
"2015-11-25",KAU15,"11,500",0,"0.00","0","0","0","0","0","0"
"2015-11-25",KAU16,"7,880",0,"0.00","0","0","0","0","0","0"
"2015-11-25",KAU17,"7,880",0,"0.00","0","0","0","0","0","0"
"2015-11-25",KCU15,"10,550",0,"0.00","0","0","0","0","0","0"
"2015-11-24",KAU15,"11,500",0,"0.00","0","0","0","0","0","0"
"2015-11-24",KAU16,"7,880",0,"0.00","0","0","0","0","0","0"
"2015-11-24",KAU17,"7,880",0,"0.00","0","0","0","0","0","0"
"2015-11-24",KCU15,"10,550",0,"0.00","0","0","0","0","0","0"
"2015-11-23",KAU15,"11,500",0,"0.00","0","0","0","0","0","0"
"2015-11-23",KAU16,"7,880",0,"0.00","0","0","0","0","0","0"
"2015-11-23",KAU17,"7,880",0,"0.00","0","0","0","0","0","0"
"2015-11-23",KCU15,"10,550",0,"0.00","0","0","0","0","0","0"
"2015-11-20",KAU15,"11,500",0,"0.00","0","0","0","0","0","0"
"2015-11-20",KAU16,"7,880",0,"0.00","0","0","0","0","0","0"
"2015-11-20",KAU17,"7,880",0,"0.00","0","0","0","0","0","0"
"2015-11-20",KCU15,"10,550",0,"0.00","0","0","0","0","0","0"
"2015-11-19",KAU15,"11,500",0,"0.00","0","0","0","0","0","0"
"2015-11-19",KAU16,"7,880",0,"0.00","0","0","0","0","0","0"
"2015-11-19",KAU17,"7,880",0,"0.00","0","0","0","0","0","0"
"2015-11-19",KCU15,"10,550",0,"0.00","0","0","0","0","0","0"
"2015-11-18",KAU15,"11,500",0,"0.00","0","0","0","0","0","0"
"2015-11-18",KAU16,"7,880",0,"0.00","0","0","0","0","0","0"
"2015-11-18",KAU17,"7,880",0,"0.00","0","0","0","0","0","0"
"2015-11-18",KCU15,"10,550",0,"0.00","0","0","0","0","0","0"
"2015-11-17",KAU15,"11,500",0,"0.00","0","0","0","0","0","0"
"2015-11-17",KAU16,"7,880",0,"0.00","0","0","0","0","0","0"
"2015-11-17",KAU17,"7,880",0,"0.00","0","0","0","0","0","0"
"2015-11-17",KCU15,"10,550",0,"0.00","0","0","0","0","0","0"
"2015-11-16",KAU15,"11,500",0,"0.00","0","0","0","0","0","0"
"2015-11-16",KAU16,"7,880",0,"0.00","0","0","0","0","0","0"
"2015-11-16",KAU17,"7,880",0,"0.00","0","0","0","0","0","0"
"2015-11-16",KCU15,"10,550",0,"0.00","0","0","0","0","0","0"
"2015-11-13",KAU15,"11,500",0,"0.00","0","0","0","0","0","0"
"2015-11-13",KAU16,"7,880",0,"0.00","0","0","0","0","0","0"
"2015-11-13",KAU17,"7,880",0,"0.00","0","0","0","0","0","0"
"2015-11-13",KCU15,"10,550",0,"0.00","0","0","0","0","0","0"
"2015-11-12",KAU15,"11,500",0,"0.00","0","0","0","0","0","0"
"2015-11-12",KAU16,"7,880",0,"0.00","0","0","0","0","0","0"
"2015-11-12",KAU17,"7,880",0,"0.00","0","0","0","0","0","0"
"2015-11-12",KCU15,"10,550",0,"0.00","0","0","0","0","0","0"
"2015-11-11",KAU15,"11,500",0,"0.00","0","0","0","0","0","0"
"2015-11-11",KAU16,"7,880",0,"0.00","0","0","0","0","0","0"
"2015-11-11",KAU17,"7,880",0,"0.00","0","0","0","0","0","0"
"2015-11-11",KCU15,"10,550",0,"0.00","0","0","0","0","0","0"
"2015-11-10",KAU15,"11,500",0,"0.00","0","0","0","0","0","0"
"2015-11-10",KAU16,"7,880",0,"0.00","0","0","0","0","0","0"
"2015-11-10",KAU17,"7,880",0,"0.00","0","0","0","0","0","0"
"2015-11-10",KCU15,"10,550",0,"0.00","0","0","0","0","0","0"
"2015-11-09",KAU15,"11,500",200,"1.77","0","0","0","0","0","0"
"2015-11-09",KAU16,"7,880",0,"0.00","0","0","0","0","0","0"
"2015-11-09",KAU17,"7,880",0,"0.00","0","0","0","0","0","0"
"2015-11-09",KCU15,"10,550",0,"0.00","0","0","0","0","0","0"
"2015-11-06",KAU15,"11,300",0,"0.00","0","0","0","0","0","0"
"2015-11-06",KAU16,"7,880",0,"0.00","0","0","0","0","0","0"
"2015-11-06",KAU17,"7,880",0,"0.00","0","0","0","0","0","0"
"2015-11-06",KCU15,"10,550",0,"0.00","0","0","0","0","0","0"
"2015-11-05",KAU15,"11,300",0,"0.00","0","0","0","0","0","0"
"2015-11-05",KAU16,"7,880",0,"0.00","0","0","0","0","0","0"
"2015-11-05",KAU17,"7,880",0,"0.00","0","0","0","0","0","0"
"2015-11-05",KCU15,"10,550",0,"0.00","0","0","0","0","0","0"
"2015-11-04",KAU15,"11,300",0,"0.00","0","0","0","0","0","0"
"2015-11-04",KAU16,"7,880",0,"0.00","0","0","0","0","0","0"
"2015-11-04",KAU17,"7,880",0,"0.00","0","0","0","0","0","0"
"2015-11-04",KCU15,"10,550",0,"0.00","0","0","0","0","0","0"
"2015-11-03",KAU15,"11,300",0,"0.00","0","0","0","0","0","0"
"2015-11-03",KAU16,"7,880",0,"0.00","0","0","0","0","0","0"
"2015-11-03",KAU17,"7,880",0,"0.00","0","0","0","0","0","0"
"2015-11-03",KCU15,"10,550",0,"0.00","0","0","0","0","0","0"
"2015-11-02",KAU15,"11,300",0,"0.00","0","0","0","0","0","0"
"2015-11-02",KAU16,"7,880",0,"0.00","0","0","0","0","0","0"
"2015-11-02",KAU17,"7,880",0,"0.00","0","0","0","0","0","0"
"2015-11-02",KCU15,"10,550",0,"0.00","0","0","0","0","0","0"
"2015-10-30",KAU15,"11,300",0,"0.00","0","0","0","0","0","0"
"2015-10-30",KAU16,"7,880",0,"0.00","0","0","0","0","0","0"
"2015-10-30",KAU17,"7,880",0,"0.00","0","0","0","0","0","0"
"2015-10-30",KCU15,"10,550",0,"0.00","0","0","0","0","0","0"
"2015-10-29",KAU15,"11,300",0,"0.00","0","0","0","0","0","0"
"2015-10-29",KAU16,"7,880",0,"0.00","0","0","0","0","0","0"
"2015-10-29",KAU17,"7,880",0,"0.00","0","0","0","0","0","0"
"2015-10-29",KCU15,"10,550",0,"0.00","0","0","0","0","0","0"
"2015-10-28",KAU15,"11,300",0,"0.00","0","0","0","0","0","0"
"2015-10-28",KAU16,"7,880",0,"0.00","0","0","0","0","0","0"
"2015-10-28",KAU17,"7,880",0,"0.00","0","0","0","0","0","0"
"2015-10-28",KCU15,"10,550",0,"0.00","0","0","0","0","0","0"
"2015-10-27",KAU15,"11,300",0,"0.00","0","0","0","0","0","0"
"2015-10-27",KAU16,"7,880",0,"0.00","0","0","0","0","0","0"
"2015-10-27",KAU17,"7,880",0,"0.00","0","0","0","0","0","0"
"2015-10-27",KCU15,"10,550",0,"0.00","0","0","0","0","0","0"
"2015-10-26",KAU15,"11,300",0,"0.00","0","0","0","0","0","0"
"2015-10-26",KAU16,"7,880",0,"0.00","0","0","0","0","0","0"
"2015-10-26",KAU17,"7,880",0,"0.00","0","0","0","0","0","0"
"2015-10-26",KCU15,"10,550",0,"0.00","0","0","0","0","0","0"
"2015-10-23",KAU15,"11,300",0,"0.00","0","0","0","0","0","0"
"2015-10-23",KAU16,"7,880",0,"0.00","0","0","0","0","0","0"
"2015-10-23",KAU17,"7,880",0,"0.00","0","0","0","0","0","0"
"2015-10-23",KCU15,"10,550",0,"0.00","0","0","0","0","0","0"
"2015-10-22",KAU15,"11,300",0,"0.00","0","0","0","0","0","0"
"2015-10-22",KAU16,"7,880",0,"0.00","0","0","0","0","0","0"
"2015-10-22",KAU17,"7,880",0,"0.00","0","0","0","0","0","0"
"2015-10-22",KCU15,"10,550",0,"0.00","0","0","0","0","0","0"
"2015-10-21",KAU15,"11,300",0,"0.00","0","0","0","0","0","0"
"2015-10-21",KAU16,"7,880",0,"0.00","0","0","0","0","0","0"
"2015-10-21",KAU17,"7,880",0,"0.00","0","0","0","0","0","0"
"2015-10-21",KCU15,"10,550",0,"0.00","0","0","0","0","0","0"
"2015-10-20",KAU15,"11,300",0,"0.00","0","0","0","0","0","0"
"2015-10-20",KAU16,"7,880",0,"0.00","0","0","0","0","0","0"
"2015-10-20",KAU17,"7,880",0,"0.00","0","0","0","0","0","0"
"2015-10-20",KCU15,"10,550",0,"0.00","0","0","0","0","0","0"
"2015-10-19",KAU15,"11,300",0,"0.00","0","0","0","0","0","0"
"2015-10-19",KAU16,"7,880",0,"0.00","0","0","0","0","0","0"
"2015-10-19",KAU17,"7,880",0,"0.00","0","0","0","0","0","0"
"2015-10-19",KCU15,"10,550",0,"0.00","0","0","0","0","0","0"
"2015-10-16",KAU15,"11,300",0,"0.00","0","0","0","0","0","0"
"2015-10-16",KAU16,"7,880",0,"0.00","0","0","0","0","0","0"
"2015-10-16",KAU17,"7,880",0,"0.00","0","0","0","0","0","0"
"2015-10-16",KCU15,"10,550",0,"0.00","0","0","0","0","0","0"
"2015-10-15",KAU15,"11,300",0,"0.00","0","0","0","0","0","0"
"2015-10-15",KAU16,"7,880",0,"0.00","0","0","0","0","0","0"
"2015-10-15",KAU17,"7,880",0,"0.00","0","0","0","0","0","0"
"2015-10-15",KCU15,"10,550",0,"0.00","0","0","0","0","0","0"